Account;Category;location
bonappetit;Food;
NatGeoFood;Food;Washington, DC
TwitterFood;Food;
Fooddotcom;Food;Los Angeles
newfoodeconomy;Food;New York, NY
bflay;Food;New York City
RealCarrotFacts;Food;
NYTFood;Food;New York, NY
CivilEats;Food;USA
Seriouseats;Food;
RealCapnCrunch;Food;
iowagirleats;Food;Des Moines, IA
spoonuniversity;Food;New York, NY
foodandwine;Food;
epicurious;Food;New York City
Newsweek;News;New York, NY
nytimes;News;New York City
NBCNews;News;New York, NY
CNN;News;
washingtonpost;News;Washington, DC
BBCWorld;News;London, UK
WSJ;News;New York, NY
FoxNews;News;U.S.A.
ABC;News;New York City / Worldwide
Reuters;News;Around the world
el_pais;News;Madrid
abc_es;News;Spain
antena3com;News;Madrid
noticias_cuatro;News;Mediaset Espa√±a
24h_tve;News;
ecosdelbalon;Sports;
NYT4thDownBot;Sports;A coat closet, @nytimes
baseballpro;Sports;
FutbolAvanzado;Sports;
NBA;Sports;
LaLiga;Sports;
AnalyseSport;Sports;North Wales
Olympics;Sports;Lausanne, Switzerland
wizard_cfc;Sports;Best bet Super cup HOLDER üèÜ
ThatGuyTipsterr;Sports;18+ Please Gamble Responsibly
moneyballfutbol;Sports;Espa√±a
Multi_Apuesta;Sports;
AP_Sports;Sports;
sportbible;Sports;contact@sportbible.com
SportsCenter;Sports;
livefolk;Travel;Melbourne, Victoria
travel;Travel;
NatGeoTravel;Travel;Washington, D.C.
TravelLeisure;Travel;New York, NY
Earth_Pics;Travel;
EarthPix;Travel;Instagram: @EarthPix 
frugaltraveler;Travel;Everywhere
nytimestravel;Travel;New York, NY
BBC_Travel;Travel;
TelegraphTravel;Travel;London
TravelMagazine;Travel;London and the French Riviera
CNTraveler;Travel;New York, NY
ThatsEarth;Travel;
chicagoideas;Travel;Chicago, IL
ViajaEnElMundo;Travel;LATAM
TheBlondeSalad;Fashion;
kenzo;Fashion;Paris, France
voguemagazine;Fashion;New York, NY
BritishVogue;Fashion;London
ELLEmagazine;Fashion;
Cosmopolitan;Fashion;New York, NY
Fashionista_com;Fashion;New York, NY
WhoWhatWear;Fashion;Los Angeles, California
TheCut;Fashion;New York, NY
TimesFashion;Fashion;London
ELLEUK;Fashion;London
LondonFashionWk;Fashion;London
VictoriasSecret;Fashion;
styleinmadrid;Fashion;Madrid
RevistaInStyle;Fashion;Espa√±a
Sephora;Fashion;
CiudadanosCs;Politics;Espa√±a
Bcnisnotcat_;Politics;Tabarnia
AMI__cat;Politics;Catalunya, Uni√≥ Europea
TheDemocrats;Politics;Washington, D.C.
epp;Politics;Winner of #EP2014 elections
ahorapodemos;Politics;Facebook: http://ow.ly/ueEX9
CNNPolitics;Politics;Washington, D.C.
bpolitics;Politics;
ABCPolitics;Politics;Washington, DC
MSNBC;Politics;
latimes;Politics;Los Angeles, CA
thehill;Politics;Washington, DC
vox_es;Politics;
cope_es;Politics;Madrid, Spain
OndaCero_es;Politics;
UberFacts;Funny/Entertainment;Worldwide! 
BuzzFeed;Funny/Entertainment;New York
SavedYouAClick;Funny/Entertainment;
MoviePass;Funny/Entertainment;New York City
kalesalad;Funny/Entertainment;
cuantocabron;Funny/Entertainment;
ladbible;Funny/Entertainment;
mental_floss;Funny/Entertainment;New York
elmundotoday;Funny/Entertainment;Espa√±a
Cabronazi;Funny/Entertainment;
lavecinarubia;Funny/Entertainment;Espa√±a
pourmecoffee;Funny/Entertainment;
NFL_Memes;Funny/Entertainment;
9GAG;Funny/Entertainment;Universe
funnyordie;Funny/Entertainment;Hollywood, Ca
netflix;TV shows;California, USA
hbo;TV shows;United States
FOXTV;TV shows;United States
SonyPicsTeens;TV shows;
Miramax;TV shows;Santa Monica, CA
NBC;TV shows;Across the globe
La1_tve;TV shows;
laSextaTV;TV shows;Spain
9gagtv;TV shows;Universe
PrimeVideo;TV shows;Seattle, WA
hulu;TV shows;Los Angeles, CA, USA
CBS;TV shows;
shows_tv;TV shows;TV
MarvelStudios;TV shows;
TwitterMovies;TV shows;
policia;Official Organism;Espa√±a
CIA;Official Organism;Langley, VA
WhiteHouse;Official Organism;Washington, D.C.
casareal;Official Organism;Spain
nswpolice;Official Organism;Sydney, Australia
guardiacivil;Official Organism;Espa√±a
DGTes;Official Organism;
esa;Official Organism;Europe
NASA;Official Organism;
CERN;Official Organism;Geneva
EU_Commission;Official Organism;Brussels, Belgium
UN;Official Organism;New York, NY
EUCouncil;Official Organism;Brussels, Belgium
ONU_es;Official Organism;Nueva York
UNICEF;Official Organism;
sockington;Animals;Waltham, MA
Fascinatingpics;Animals;fascinatingpictures@gmail.com
shedancestibet;Animals;a poet‚Äôs heart
A_single_bear;Animals;Forest
BronxZoosCobra;Animals;I'm at the Bronx Zoo. For now.
MoveTheWorld;Animals;15 offices worldwide
peta;Animals;Los Angeles, CA / Norfolk, VA
dodo;Animals;New York, NY
BuzzFeedAnimals;Animals;
NationalZoo;Animals;Washington, DC
fabulousanimals;Animals;
darth;Animals;
EmrgencyKittens;Animals;
AnimalPlanet;Animals;Silver Spring, MD
natgeowild;Animals;United States
TEDTalks;Science;New York, NY
materia_ciencia;Science;Madrid, Spain
cienciaplus;Science;Madrid, Espa√±a
WIREDScience;Science;San Francisco, California
ScienceMarchDC;Science;Washington, DC
sciencemagazine;Science;Washington, DC & Cambridge, UK
sciencemuseum;Science;Exhibition Road, London
aaas;Science;Washington, D.C.
NSF;Science;Alexandria, VA
PopSci;Science;New York
scienceworldca;Science;Vancouver, BC
rdfrs;Science;Washington, DC
MarsCuriosity;Science;Gale Crater, Mars
cienciatmx;Science;
CdeCiencia;Science;Universo observable
StockTwits;Trading&Finance;New York, NY
business;Trading&Finance;New York and the World
1Brokercom;Trading&Finance;
LSFinancial;Trading&Finance;New York City - Chicago
TV_TradingIdeas;Trading&Finance;Chicago, IL
mytradingbuddy;Trading&Finance;Worldwide
HarvardBiz;Trading&Finance;Boston, MA
BabyPips;Trading&Finance;Foreign Exchange
FTTradingRoom;Trading&Finance;London
TradingNation;Trading&Finance;
BigCheds;Trading&Finance;Tweets are for paper trading
DanielsTrading;Trading&Finance;Chicago, IL
canuck2usa;Trading&Finance;United States
BourseetTrading;Trading&Finance;Paris, Bordeaux, France
tradingview;Trading&Finance;Chicago, IL
