Account;2018-02-22
bonappetit;3188721
NatGeoFood;35457
TwitterFood;838263
Fooddotcom;28
newfoodeconomy;5891
bflay;2692139
RealCarrotFacts;222047
NYTFood;1418984
CivilEats;92030
Seriouseats;803438
RealCapnCrunch;41660
iowagirleats;15301
spoonuniversity;17202
foodandwine;6666092
epicurious;2795208
Newsweek;3418843
nytimes;41190104
NBCNews;5858356
CNN;39491607
washingtonpost;12128932
BBCWorld;22680544
WSJ;15552235
FoxNews;17248610
ABC;13503041
Reuters;19398527
el_pais;6566258
abc_es;1517959
antena3com;1353963
noticias_cuatro;799440
24h_tve;1261869
ecosdelbalon;38416
NYT4thDownBot;25990
baseballpro;114498
FutbolAvanzado;22944
NBA;27331970
LaLiga;3471717
AnalyseSport;8563
Olympics;6023847
wizard_cfc;14952
ThatGuyTipsterr;7550
moneyballfutbol;2820
Multi_Apuesta;49984
AP_Sports;119883
sportbible;1299846
SportsCenter;35475024
livefolk;201
travel;6138497
NatGeoTravel;6518666
TravelLeisure;4010945
Earth_Pics;8425729
EarthPix;3018000
frugaltraveler;516911
nytimestravel;1139837
BBC_Travel;980951
TelegraphTravel;283512
TravelMagazine;2781513
CNTraveler;3180908
ThatsEarth;1464061
chicagoideas;39311
ViajaEnElMundo;128630
TheBlondeSalad;9925
kenzo;319246
voguemagazine;13649045
BritishVogue;3604517
ELLEmagazine;6851882
Cosmopolitan;1724288
Fashionista_com;2249932
WhoWhatWear;2331386
TheCut;1430398
TimesFashion;2507834
ELLEUK;1221397
LondonFashionWk;1265850
VictoriasSecret;11481882
styleinmadrid;28521
RevistaInStyle;31046
Sephora;2382166
CiudadanosCs;459491
Bcnisnotcat_;50595
AMI__cat;37109
TheDemocrats;1424509
epp;124808
ahorapodemos;1321691
CNNPolitics;2604210
bpolitics;234120
ABCPolitics;668895
MSNBC;2016146
latimes;3203263
thehill;2983725
vox_es;69256
cope_es;340341
OndaCero_es;493505
UberFacts;14512315
BuzzFeed;6439840
SavedYouAClick;259449
MoviePass;44797
kalesalad;157931
cuantocabron;209711
ladbible;2031006
mental_floss;647503
elmundotoday;1156494
Cabronazi;252038
lavecinarubia;372138
pourmecoffee;279709
NFL_Memes;441698
9GAG;14577199
funnyordie;14389865
netflix;4746709
hbo;1919079
FOXTV;1254530
SonyPicsTeens;2991528
Miramax;429545
NBC;1789661
La1_tve;531142
laSextaTV;893939
9gagtv;187480
PrimeVideo;371512
hulu;531226
CBS;965202
shows_tv;14293
MarvelStudios;633013
TwitterMovies;7193181
policia;3122551
CIA;2275065
WhiteHouse;16673322
casareal;826987
nswpolice;152920
guardiacivil;1185041
DGTes;199372
esa;824058
NASA;28552752
CERN;2558505
EU_Commission;906750
UN;10081757
EUCouncil;311181
ONU_es;940913
UNICEF;7113798
sockington;1421213
Fascinatingpics;6408995
shedancestibet;23997
A_single_bear;111991
BronxZoosCobra;159038
MoveTheWorld;117781
peta;1061054
dodo;736111
BuzzFeedAnimals;104885
NationalZoo;415859
fabulousanimals;1090770
darth;117049
EmrgencyKittens;6442506
AnimalPlanet;1585395
natgeowild;920655
TEDTalks;10974159
materia_ciencia;706474
cienciaplus;389391
WIREDScience;2097771
ScienceMarchDC;356127
sciencemagazine;1114971
sciencemuseum;663677
aaas;87324
NSF;1087194
PopSci;1260181
scienceworldca;17175
rdfrs;79501
MarsCuriosity;3926982
cienciatmx;23
CdeCiencia;53297
StockTwits;597649
business;4621984
1Brokercom;4611
LSFinancial;15378
TV_TradingIdeas;13646
mytradingbuddy;84415
HarvardBiz;5335044
BabyPips;86664
FTTradingRoom;23432
TradingNation;16553
BigCheds;37023
DanielsTrading;6461
canuck2usa;42422
BourseetTrading;14704
mytradingbuddy;84415
tradingview;40796
LSFinancial;15378
TV_TradingIdeas;13647