Account,Category
bonappetit,Food
NatGeoFood,Food
TwitterFood,Food
Fooddotcom,Food
newfoodeconomy,Food
bflay,Food
RealCarrotFacts,Food
NYTFood,Food
CivilEats,Food
Seriouseats,Food
RealCapnCrunch,Food
iowagirleats,Food
spoonuniversity,Food
foodandwine,Food
epicurious,Food
Newsweek,News
nytimes,News
NBCNews,News
CNN,News
washingtonpost,News
BBCWorld,News
WSJ,News
FoxNews,News
ABC,News
Reuters,News
el_pais,News
abc_es,News
antena3com,News
noticias_cuatro,News
24h_tve,News
ecosdelbalon,Sports
NYT4thDownBot,Sports
baseballpro,Sports
FutbolAvanzado,Sports
NBA,Sports
LaLiga,Sports
AnalyseSport,Sports
Olympics,Sports
wizard_cfc,Sports
ThatGuyTipsterr,Sports
moneyballfutbol,Sports
Multi_Apuesta,Sports
AP_Sports,Sports
sportbible,Sports
SportsCenter,Sports
livefolk,Travel
travel,Travel
NatGeoTravel,Travel
TravelLeisure,Travel
Earth_Pics,Travel
EarthPix,Travel
frugaltraveler,Travel
nytimestravel,Travel
BBC_Travel,Travel
TelegraphTravel,Travel
TravelMagazine,Travel
CNTraveler,Travel
ThatsEarth,Travel
chicagoideas,Travel
ViajaEnElMundo,Travel
TheBlondeSalad,Fashion
kenzo,Fashion
voguemagazine,Fashion
BritishVogue,Fashion
ELLEmagazine,Fashion
Cosmopolitan,Fashion
Fashionista_com,Fashion
WhoWhatWear,Fashion
TheCut,Fashion
TimesFashion,Fashion
ELLEUK,Fashion
LondonFashionWk,Fashion
VictoriasSecret,Fashion
styleinmadrid,Fashion
RevistaInStyle,Fashion
Sephora,Fashion
CiudadanosCs,Politics
Bcnisnotcat_,Politics
AMI__cat,Politics
TheDemocrats,Politics
epp,Politics
ahorapodemos,Politics
CNNPolitics,Politics
bpolitics,Politics
ABCPolitics,Politics
MSNBC,Politics
latimes,Politics
thehill,Politics
vox_es,Politics
cope_es,Politics
OndaCero_es,Politics
UberFacts,Funny/Entertainment
BuzzFeed,Funny/Entertainment
SavedYouAClick,Funny/Entertainment
MoviePass,Funny/Entertainment
kalesalad,Funny/Entertainment
cuantocabron,Funny/Entertainment
ladbible,Funny/Entertainment
mental_floss,Funny/Entertainment
elmundotoday,Funny/Entertainment
Cabronazi,Funny/Entertainment
lavecinarubia,Funny/Entertainment
pourmecoffee,Funny/Entertainment
NFL_Memes,Funny/Entertainment
9GAG,Funny/Entertainment
funnyordie,Funny/Entertainment
netflix,TV shows
hbo,TV shows
FOXTV,TV shows
SonyPicsTeens,TV shows
Miramax,TV shows
NBC,TV shows
La1_tve,TV shows
laSextaTV,TV shows
9gagtv,TV shows
PrimeVideo,TV shows
hulu,TV shows
CBS,TV shows
shows_tv,TV shows
MarvelStudios,TV shows
TwitterMovies,TV shows
policia,Official Organism
CIA,Official Organism
WhiteHouse,Official Organism
casareal,Official Organism
nswpolice,Official Organism
guardiacivil,Official Organism
DGTes,Official Organism
esa,Official Organism
NASA,Official Organism
CERN,Official Organism
EU_Commission,Official Organism
UN,Official Organism
EUCouncil,Official Organism
ONU_es,Official Organism
UNICEF,Official Organism
sockington,Animals
Fascinatingpics,Animals
shedancestibet,Animals
A_single_bear,Animals
BronxZoosCobra,Animals
MoveTheWorld,Animals
peta,Animals
dodo,Animals
BuzzFeedAnimals,Animals
NationalZoo,Animals
fabulousanimals,Animals
darth,Animals
EmrgencyKittens,Animals
AnimalPlanet,Animals
natgeowild,Animals
TEDTalks,Science
materia_ciencia,Science
cienciaplus,Science
WIREDScience,Science
ScienceMarchDC,Science
sciencemagazine,Science
sciencemuseum,Science
aaas,Science
NSF,Science
PopSci,Science
scienceworldca,Science
rdfrs,Science
MarsCuriosity,Science
cienciatmx,Science
CdeCiencia,Science
StockTwits,Trading&Finance
business,Trading&Finance
1Brokercom,Trading&Finance
LSFinancial,Trading&Finance
TV_TradingIdeas,Trading&Finance
mytradingbuddy,Trading&Finance
HarvardBiz,Trading&Finance
BabyPips,Trading&Finance
FTTradingRoom,Trading&Finance
TradingNation,Trading&Finance
BigCheds,Trading&Finance
DanielsTrading,Trading&Finance
canuck2usa,Trading&Finance
BourseetTrading,Trading&Finance
tradingview,Trading&Finance
