User,Hashtags
Bon Appétit,BAHot10
Civil Eats,foodwaste
Food & Wine,Oscars
Food & Wine,MadGeniusLive
Food & Wine,madgeniuslive
epicurious,balance
NBC News,Mars
NBC News,space
NBC News,spaceman
Washington Post,MeToo
Washington Post,MeToo
Washington Post,MeToo
Washington Post,MeToo
Fox News,Trump
Fox News,Trump
Fox News,Trump
Fox News,SpecialReport
Fox News,SpecialReport
Fox News,SpecialReport
Fox News,Trump
Fox News,BreakingNews
Fox News,WomensHistoryMonth
Fox News,Trump
Fox News,WomensHistoryMonth
Fox News,FoxNewsUS
Fox News,Clinton
Fox News,Trump
Fox News,Trump
Fox News,BillyGraham
Fox News,Trump
Fox News,Trump
Fox News,Trump
Fox News,BillyGraham
Fox News,BillyGraham
Fox News,Trump
Fox News,BillyGraham
ABC News,LemonsForLeukemia
Reuters Top News,MWC18
Reuters Top News,MWC18
Reuters Top News,MWC18
Reuters Top News,MWC18
Reuters Top News,MWC18
Reuters Top News,MWC18
Reuters Top News,MWC18
Reuters Top News,MWC18
Reuters Top News,MWC18
Reuters Top News,MWC18
Reuters Top News,MWC18
Reuters Top News,MWC18
Reuters Top News,MWC18
Reuters Top News,MWC18
Reuters Top News,MWC18
Reuters Top News,MWC18
Reuters Top News,MWC18
Reuters Top News,MWC18
Reuters Top News,MWC18
Reuters Top News,MWC18
Reuters Top News,MWC18
Reuters Top News,MWC18
Reuters Top News,MWC18
Reuters Top News,MWC18
Reuters Top News,MWC18
Reuters Top News,MWC18
Reuters Top News,MWC18
Reuters Top News,MWC18
Reuters Top News,MWC18
Reuters Top News,TheTrumpEffect
Reuters Top News,Brexit
Reuters Top News,Holi
Reuters Top News,MWC2018
Reuters Top News,MWC18
Reuters Top News,MWC18
Reuters Top News,MWC18
Reuters Top News,MWC2018
EL PAÍS,EleccionesMX2018
EL PAÍS,Oscars
EL PAÍS,LasPeriodistasParamos
EL PAÍS,Oscars
EL PAÍS,A3Boom
EL PAÍS,LasPeriodistasParamos
EL PAÍS,ItaliaVota
EL PAÍS,Champions
EL PAÍS,Temporal
EL PAÍS,RegresoAlFuturo
EL PAÍS,TheMagicians
EL PAÍS,MexicoEsQueMeAcuerdo
EL PAÍS,Periscope
EL PAÍS,Fariña
EL PAÍS,ElRoto
EL PAÍS,ViñetasELPAÍS
ABC.es,LoMásLeído
ABC.es,LoMásLeído
ABC.es,LoMásLeído
ABC.es,LoMásLeído
ABC.es,LoMásLeído
ABC.es,LoMásLeído
ABC.es,LoMásComentado
ABC.es,LoMásComentado
ABC.es,LoMásComentado
ABC.es,LoMásCompartido
ABC.es,Amazonia
ABC.es,ÚLTIMAHORA
ABC.es,Sinrodeoseh
ABC.es,EnVivo
ABC.es,ÚLTIMAHORA
ABC.es,ÚLTIMAHORA
ABC.es,ÚLTIMAHORA
ABC.es,ÚLTIMAHORA
ABC.es,ÚLTIMAHORA
ABC.es,FedeRatas
ABC.es,Fariña
ABC.es,ElSacapuntas
ABC.es,ÚLTIMAHORA
ABC.es,Quini
ABC.es,ÚLTIMAHORA
ABC.es,STREAMING
ABC.es,ÚLTIMAHORA
ABC.es,InfoEsqui
antena 3,CasadosAPrimera8
antena 3,CasadosAPrimera8
antena 3,Azorín2018
antena 3,QuiéremeSiempre
antena 3,CasadosAPrimera8
antena 3,SinRodeos
antena 3,SinRodeosEH
antena 3,CasadosAPrimera8
antena 3,CasadosAPrimera8
antena 3,CasadosAPrimera8
antena 3,TCMS
antena 3,SinRodeosEH
antena 3,SinRodeos
antena 3,SinRodeosEH
antena 3,SinRodeos
antena 3,SinRodeosEH
antena 3,Fariña
antena 3,SinRodeos
antena 3,SinRodeos
antena 3,Fariña
antena 3,JuegodeTronos
antena 3,Instagram
antena 3,HarryPotter
antena 3,ÚLTIMAHORA
antena 3,Fariña
antena 3,Oscar2018
antena 3,Crepúsculo
antena 3,Fariña
antena 3,Fariña
antena 3,SinRodeos
antena 3,ÚLTIMAHORA
antena 3,followers
antena 3,Audiencias
antena 3,Audiencias
antena 3,Audiencias
antena 3,Audiencias
antena 3,Audiencias
antena 3,Audiencias
antena 3,AtresmediaTV
antena 3,Audiencias
antena 3,Fariña
antena 3,Audiencias
antena 3,Audiencias
antena 3,Audiencias
antena 3,Audiencias
antena 3,Audiencias
antena 3,Audiencias
antena 3,Audiencias
antena 3,Audiencias
antena 3,BajoLaPielDeLobo
antena 3,ElFotógrafoDeMauthausen
antena 3,Westworld
antena 3,EspejoPúblico
antena 3,Mega
antena 3,CaminandoEntreDinosaurios
antena 3,Fariña
antena 3,Audiencias
antena 3,JuegoDeTronos
antena 3,SinRodeos
antena 3,Tamagotchi
antena 3,SinRodeos
antena 3,DIRECTO
antena 3,Fariña
antena 3,DIRECTO
antena 3,Audiencias
antena 3,Audiencias
antena 3,Audiencias
antena 3,Audiencias
antena 3,Audiencias
antena 3,Audiencias
antena 3,minutodeoro
antena 3,Tokio2020
antena 3,SinRodeos
antena 3,Audiencias
antena 3,Audiencias
antena 3,Audiencias
antena 3,Audiencias
antena 3,Audiencias
antena 3,Audiencias
antena 3,Audiencias
Noticias Cuatro,NosGustaLaCiencia
Noticias Cuatro,LaImagenDelDía
Noticias Cuatro,8M
Noticias Cuatro,8M
Noticias Cuatro,Oscars
Noticias Cuatro,Oscars2018
Noticias Cuatro,MeToo
24h,LaHoraCervantes
24h,MWC18
24h,TD2
24h,20H
24h,Susqueda
24h,DUI
24h,20H
24h,20H
24h,LaEntrevista
24h,LaNoche24h
24h,Emma
24h,MWC
24h,Susqueda
24h,Economia24h
24h,OT
24h,Susqueda
24h,DUI
24h,Emma
24h,TD1
24h,TD1
24h,DUI
24h,MWC
24h,Susqueda
24h,20H
24h,MWC18
24h,14H
24h,PlenoParlament
24h,14H
24h,14H
24h,PlenoParlament
24h,MWC
24h,MWC24h
24h,PlenoParlament
24h,CassandraVera
24h,PlenoParlament
24h,MWC18
24h,MWC24h
24h,MUYURGENTE
24h,menor
24h,desaparecido
24h,Almería
24h,PlenoParlament
24h,LaHoraCervantes
24h,LaHoraCervantes
Baseball Prospectus,Royals
Baseball Prospectus,FantasyBaseball
Baseball Prospectus,19s
Baseball Prospectus,Royals
NBA,AllForOne
NBA,RipCity
NBA,HereTheyCome
NBA,AllEyesNorth
NBA,SacramentoProud
NBA,WeGoHard
NBA,SacramentoProud
NBA,WeGoHard
NBA,RipCity
NBA,SacramentoProud
NBA,SacramentoProud
NBA,WeGoHard
NBA,WeGoHard
NBA,SacramentoProud
NBA,RipCity
NBA,LeaguePassAlert
NBA,SacramentoProud
NBA,WeGoHard
NBA,AllEyesNorth
NBA,NochesEneBeA
NBA,WeGoHard
NBA,AllEyesNorth
NBA,AllEyesNorth
NBA,RipCity
NBA,AllEyesNorth
NBA,RipCity
NBA,RipCity
NBA,LakeShow
NBA,HereTheyCome
NBA,AllForOne
NBA,AllEyesNorth
NBA,RipCity
NBA,HereTheyCome
NBA,HereTheyCome
NBA,HereTheyCome
NBA,AllForOne
NBA,HereTheyCome
NBA,AllForOne
NBA,HereTheyCome
NBA,AllForOne
NBA,HereTheyCome
NBA,AllForOne
NBA,HereTheyCome
NBA,RipCity
NBA,AllEyesNorth
NBA,HereTheyCome
NBA,AllForOne
NBA,LakeShow
NBA,AllForOne
NBA,LakeShow
NBA,HeatCulture
NBA,AllForOne
NBA,NBAKicks
NBA,AllForOne
NBA,HereTheyCome
NBA,HereTheyCome
NBA,AllForOne
NBA,AllForOne
NBA,HereTheyCome
NBA,LakeShow
NBA,HeatCulture
NBA,AllForOne
NBA,AllForOne
NBA,HeatCulture
NBA,NochesEneBeA
NBA,HereTheyCome
NBA,AllForOne
NBA,HeatCulture
NBA,LALvsMIA
NBA,LakeShow
NBA,HeatCulture
NBA,TheWarmup
NBA,TheWarmup
NBA,InsidetheNBA
NBA,HereTheyCome
NBA,HereTheyCome
NBA,NBABreakdown
NBA,KiaROTM
NBA,AllForOne
NBA,HereTheyCome
NBA,TheWarmup
NBA,AllForOne
NBA,HereTheyCome
NBA,TotalHealthForum
NBA,KiaPOTM
NBA,KiaPOTM
NBA,KiaPOTM
NBA,KiaROTM
NBA,KiaROTM
NBA,KiaROTM
NBA,NBAGLeague
NBA,NBARooks
NBA,NBAPlayoffs
NBA,LegendaryMoments
NBA,AllEyesNorth
NBA,DubNation
NBA,SunsAt50
NBA,DoItBig
NBA,Rockets
NBA,Rockets
NBA,ThisIsWhyWePlay
NBA,SunsAt50
NBA,DoItBig
NBA,BHM
NBA,NBABHM
NBA,PhantomCam
NBA,Rockets
NBA,FantasyPlayeroftheNight
NBA,AssistOfTheNight
NBA,Rockets
NBA,Rockets
LaLiga,LaLiga
LaLiga,BarçaAtleti
LaLiga,LaLigaSantander
LaLiga,AupaReala
LaLiga,BarçaAtleti
LaLiga,LaLigaSantander
LaLiga,LaLigaSantander
LaLiga,AlavésLevante
LaLiga,LaLigaSantander
LaLiga,LasPalmasBarça
LaLiga,LaLiga
LaLiga,AlavésLevante
LaLiga,GoazenGlorioso
LaLiga,LasPalmasBarça
LaLiga,vamosUD
LaLiga,LasPalmasBarça
LaLiga,LasPalmasBarça
LaLiga,LasPalmasBarça
LaLiga,RealBetisRealSociedad
LaLiga,LasPalmasBarça
LaLiga,AlavésLevante
LaLiga,AlavésLevante
LaLiga,AlavésLevante
LaLiga,Mendizorrotza
LaLiga,LaLiga
LaLiga,LasPalmasBarça
LaLiga,RealBetisRealSociedad
LaLiga,DíaDeBetis
LaLiga,LasPalmasBarça
LaLiga,RealBetisRealSociedad
LaLiga,RealBetisRealSociedad
LaLiga,RealBetisRealSociedad
LaLiga,DíaDeBetis
LaLiga,LaLiga
LaLiga,LeganésSevillaFC
LaLiga,CeltaMálaga
LaLiga,LaLigaSantander
LaLiga,RealBetis
LaLiga,RealSociedad
LaLiga,LaLigaSantander
LaLiga,LaLiga123
LaLiga,LaLiga123
Predictive Analytics,running
Predictive Analytics,Análisis
Predictive Analytics,DEPORTIVO
Predictive Analytics,Datos
Predictive Analytics,BIGDATA
Predictive Analytics,uvainnova
Planeta Apuestas,Venecia
Planeta Apuestas,RETO
Planeta Apuestas,GrupoPrivado
Planeta Apuestas,Circus
AP Sports,NASCAR
AP Sports,Olympics
AP Sports,NBA
AP Sports,Indy500
AP Sports,IndyCar
AP Sports,ARSMCI
AP Sports,6Nations
AP Sports,springtraining
SPORTbible,boxing
SportsCenter,SCtop10
SportsCenter,SCtop10
Nat Geo Travel,AdventurersoftheYear
Travel + Leisure,noreaster
Travel + Leisure,noreaster
Earth Pics,bucketlist
NY Times Travel,travel
NY Times Travel,saopaulo
NY Times Travel,brazil
NY Times Travel,36hours
Telegraph Travel,luxurytravel
The Travel Magazine,SriLanka
The Travel Magazine,Kandy
Condé Nast Traveler,springbreak
Condé Nast Traveler,FlightDeal
Chicago Ideas,Sabrina
Vogue Magazine,VogueWorld
Vogue Magazine,VogueWorld
Vogue Magazine,VogueWorld
Vogue Magazine,VogueWorld
Vogue Magazine,VogueWorld
Vogue Magazine,NYFW
Vogue Magazine,VogueWorld
Vogue Magazine,VogueWorld
Vogue Magazine,AWrinkleInTime
Vogue Magazine,VogueWorld
Vogue Magazine,MeToo
British Vogue,AW18
British Vogue,AW18
British Vogue,AW18
British Vogue,AW18
British Vogue,BeastFromTheEast
British Vogue,AW18
British Vogue,AW18
British Vogue,PFW
British Vogue,Tabi
British Vogue,NewVogue
British Vogue,AW18
British Vogue,AW18
British Vogue,AW18
British Vogue,PFW
British Vogue,MeToo
British Vogue,AW18
British Vogue,PFW
British Vogue,blackpanther
British Vogue,AW18
British Vogue,PFW
British Vogue,BeastFromTheEast
British Vogue,AW18
British Vogue,BlackPanther
British Vogue,AW18
British Vogue,PFW
British Vogue,AW18
British Vogue,AW18
British Vogue,PFW
British Vogue,PFW
British Vogue,AW18
British Vogue,PFW
British Vogue,Tabi
British Vogue,PFW
British Vogue,BeastFromTheEast
British Vogue,BeastFromTheEast
British Vogue,AW18
British Vogue,PFW
British Vogue,LoveActually
British Vogue,AW18
British Vogue,PFW
British Vogue,AW18
British Vogue,WorldBookDay
ELLE Magazine (US),BlackPanter
Cosmopolitan,startsomething
Fashionista.com,PFW
Fashionista.com,PFW
Fashionista.com,PFW
Fashionista.com,NewYork
Fashionista.com,NYC
Fashionista.com,jobs
Fashionista.com,NewYork
Fashionista.com,NYC
Fashionista.com,Jobs
Fashionista.com,PFW
Fashionista.com,PFW
Fashionista.com,NYFW
Fashionista.com,NewYork
Fashionista.com,NYC
Fashionista.com,Jobs
Fashionista.com,PFW
Fashionista.com,PFW
Fashionista.com,HMStudio
Fashionista.com,PFW
Who What Wear,Oscars
Who What Wear,ad
The Cut,MyTwoCents
The Cut,Oscars
The Cut,PFW
The Cut,MyTwoCents
The Cut,Oscars
The Cut,MeToo
The Cut,GoodGirls
The Cut,MadMen
The Cut,AskPolly
The Cut,PFW
The Cut,MeToo
The Cut,TimesUp
The Cut,ThatsAGoodLook
Times Fashion,parisfashionweek
ELLEUK,IWD
Revista InStyle,TEST
Revista InStyle,Zara
Revista InStyle,PFW
Sephora,WomensHistoryMonth
Ciudadanos,PPSOE
Ciudadanos,EnDirecto
Ciudadanos,Congreso
Ciudadanos,PGE2018
Ciudadanos,Cercanías
Ciudadanos,Bruselas
Ciudadanos,MUYIMPORTANTE
Ciudadanos,menor
Ciudadanos,desaparecido
Ciudadanos,Almería
Ciudadanos,Bruselas
Ciudadanos,contralaprecariedad
Ciudadanos,EnDirecto
Ciudadanos,UnidosxlaEquiparación
Ciudadanos,AlbertRiveraEnLaSER
Ciudadanos,AlbertRiveraEnLaSER
Ciudadanos,PPSOE
Ciudadanos,Parlament
The Democrats,WomensHistoryMonth
The Democrats,OnEveryCampus
EPP,postedworkers
EPP,MFF
EPP,EUCO
EPP,BabaMarta
EPP,Europe
EPP,Balkans
EPP,Europe
EPP,culture
EPP,Kuciak
EPP,Slovakia
EPP,plenary
EPP,ruleoflaw
EPP,Poland
EPP,WB
EPP,Culture
EPP,cultural
PODEMOS,Razones3M
PODEMOS,8MHuelgaFeminista
PODEMOS,HaciaLaHuelgaFeminista
PODEMOS,2018M
PODEMOS,EnMarcha2019
CNN Politics,StateToo
CNN Politics,TBT
Bloomberg Politics,MeToo
Bloomberg Politics,MeToo
Bloomberg Politics,tictocnews
Bloomberg Politics,tictocnews
ABC News Politics,PA18
ABC News Politics,18for18
MSNBC,inners
MSNBC,MTPDaily
MSNBC,DeadlineWH
MSNBC,BIGPICTURE
MSNBC,LastThingBeforeWeGo
Los Angeles Times,MeToo
The Hill,BREAKING
The Hill,BREAKING
The Hill,BREAKING
The Hill,BREAKING
The Hill,BREAKING
The Hill,BREAKING
The Hill,BREAKING
The Hill,BREAKING
VOX ??,LaRevoluciondelosBalcones
VOX ??,LaRevoluciondelosBalcones
VOX ??,1O
VOX ??,LaRevoluciondelosBalcones
VOX ??,LaRevoluciondelosBalcones
VOX ??,LaRevoluciondelosBalcones
VOX ??,LaRevoluciondelosBalcones
VOX ??,LaRevoluciónDeLosBalcones
VOX ??,LaRevoluciondelosBalcones
VOX ??,LaRevoluciondelosBalcones
VOX ??,LasPeriodistasParamos
VOX ??,HopeWorld
VOX ??,LaRevoluciondelosBalcones
VOX ??,angustada
VOX ??,LarevolucionDeLosBalcones
VOX ??,LaRevoluciondelosBalcones
VOX ??,LaRevoluciondelosBalcones
VOX ??,LaRevoluciondelosBalcones
VOX ??,HIXTAPEisComing
VOX ??,jorgenuino
VOX ??,LaRevoluciondelosBalcones
VOX ??,Zapeando1065
VOX ??,LaRevoluciondelosBalcones
VOX ??,LaRevoluciónDeLosBalcones
VOX ??,LarevolucionDeLosBalcones
VOX ??,LaRevolucionDeLosBalcones
VOX ??,Fortuna
VOX ??,LaRevoluciondelosBalcones
VOX ??,LaRevolucionDeLosBalcones
VOX ??,LaRevoluciondelosBalcones
VOX ??,trndnl
VOX ??,LaRevoluciondelosBalcones
VOX ??,LaRevolucióndelosBalcones
VOX ??,LaRevolucióndelosBalcones
VOX ??,LarevolucionDeLosBalcones
VOX ??,LaRevoluciondelosBalcones
VOX ??,larevoluciondelosbalcones
VOX ??,1O
VOX ??,LaRevoluciondelosBalcones
VOX ??,LaRevoluciondelosBalcones
VOX ??,HerriBatasuna
VOX ??,Iribar
VOX ??,CañasPorEspaña
VOX ??,JerezDeLaFrontera
VOX ??,CÁDIZ
cope.es,ONU
cope.es,LaNochedeCOPE128
cope.es,VÍDEO
cope.es,VÍDEO
cope.es,Ghana
cope.es,AUDIO
cope.es,Cataluña
cope.es,ÚLTIMAHORA
cope.es,Quecorraelaire
cope.es,ÚLTIMAHORA
cope.es,MobileWorldCongress
cope.es,MWC
cope.es,SinmicrófonosCOPE
cope.es,30añosLaLinterna
cope.es,Oscars
cope.es,ApadrinaUnPingüino
cope.es,VÍDEO
cope.es,AudienciasFebrero
cope.es,Parlament
cope.es,temporal
cope.es,Parlament
cope.es,Parlament
cope.es,AUDIO
cope.es,AUIDO
cope.es,PensionesDignas
cope.es,VÍDEO
cope.es,AKissForAllTheWorld
cope.es,Vídeo
cope.es,ÚLTIMAHORA
cope.es,AUDIO
cope.es,AUDIO
cope.es,SinMicrófonosCOPE
cope.es,temporal
cope.es,nieve
cope.es,lluvia
cope.es,temporal
cope.es,lluvia
cope.es,AUDIO
Onda Cero,ENDIRECTO
Onda Cero,ENDIRECTO
Onda Cero,ENDIRECTO
Onda Cero,ENDIRECTO
Onda Cero,ÚLTIMAHORA
Onda Cero,ENDIRECTO
Onda Cero,feminismo
Onda Cero,Fariña
Onda Cero,Fariña
Onda Cero,ENDIRECTO
Onda Cero,ENDIRECTO
Onda Cero,ÚLTIMAHORA
Onda Cero,ENDIRECTO
Onda Cero,ElCaféDeMásDeUno
Onda Cero,HoraDelOyente
La vecina rubia,imprescindible
NFL Memes,TBT
9GAG,SpiderMan
9GAG,BlackPanther
Netflix US,NationalPeanutButterLoversDay
HBO,CurbYourEnthusiasm
FOX,Fox
FOX,ShowtimeApollo
FOX,Empire
FOX,TheXFiles
FOX,Gotham
NBC,JesusChristSuperstar
NBC,APBio
NBC,BlackPanther
NBC,TrialAndError
La 1,CuentameFamilia
La 1,CuentameFamilia
La 1,CuéntameFamilia
La 1,CuentameFamilia
La 1,CuentameFamilia
La 1,CuéntameFamilia
La 1,CuentameFamilia
La 1,CuéntameFamilia
La 1,CuéntameFamilia
La 1,CuentameFamilia
La 1,CuéntameFamilia
La 1,CuéntameFamilia
La 1,CuéntameFamilia
La 1,CuentameFamilia
La 1,CuéntameFamilia
La 1,CuéntameFamilia
La 1,CuéntameFamilia
La 1,CuentameFamilia
La 1,OTGira2018
La 1,ServiryProteger
La 1,directo
La 1,MaestrosDeLaCostura
La 1,Desaparecidos
La 1,OTDirectoConMimi
La 1,Acacias
La 1,OTDirecto
La 1,directo
La 1,serviryproteger
La 1,OTVisión
La 1,Eurovisión
La 1,Acacias
La 1,ServiryProteger
La 1,CuentameFamilia
La 1,CuentameFamilia
La 1,BIG5
La 1,CuéntameFamilia
laSexta,MVT
laSexta,elintermedio
laSexta,ÚLTIMAHORA
laSexta,laSextaPásalo
laSexta,ÚLTIMAHORA
laSexta,elintermedio
laSexta,directo
laSexta,MVT
laSexta,laSextaPásalo
laSexta,directo
laSexta,PlenoParlamentARV
laSexta,L6Niceta
laSexta,MVT
laSexta,ChampionsTotal
Prime Video,TOTDY
Prime Video,Valerian
Prime Video,AllOrNothing
hulu,Oscar
CBS,female
CBS,ACMawards
CBS,ACMawards
CBS,ACMawards
TV Shows News,tvshows
TV Shows News,serien
TV Shows News,tvshows
TV Shows News,tvshows
TV Shows News,tvshows
TV Shows News,tvshows
TV Shows News,tvshows
TV Shows News,tvshows
TV Shows News,tvshows
TV Shows News,tvshows
TV Shows News,tvshows
TV Shows News,tvshows
TV Shows News,serien
TV Shows News,serien
TV Shows News,tvshows
TV Shows News,tvshows
TV Shows News,serien
TV Shows News,tvshows
TV Shows News,serien
TV Shows News,tvshows
TV Shows News,serien
TV Shows News,tvshows
TV Shows News,tvshows
TV Shows News,serien
TV Shows News,tvshows
TV Shows News,tvshows
TV Shows News,serien
TV Shows News,serien
TV Shows News,tvshows
TV Shows News,tvshows
TV Shows News,serien
TV Shows News,tvshows
TV Shows News,serien
TV Shows News,serien
TV Shows News,tvshows
TV Shows News,tvshows
TV Shows News,serien
TV Shows News,serien
TV Shows News,tvshows
TV Shows News,serien
TV Shows News,serien
TV Shows News,tvshows
TV Shows News,serien
TV Shows News,tvshows
TV Shows News,tvshows
TV Shows News,tvshows
TV Shows News,serien
TV Shows News,serien
TV Shows News,serien
TV Shows News,serien
TV Shows News,serien
TV Shows News,serien
TV Shows News,serien
TV Shows News,serien
TV Shows News,serien
TV Shows News,serien
TV Shows News,serien
TV Shows News,serien
TV Shows News,serien
TV Shows News,tvshows
Marvel Studios,BlackPantherFanArt
Marvel Studios,Nakia
Marvel Studios,InfinityWar
Marvel Studios,BlackPanther
Twitter Movies,InfinityWar
Twitter Movies,InfinityWar
Policía Nacional,TuitConsejo
Policía Nacional,online
Policía Nacional,Madrid
Policía Nacional,controlpolicial
Policía Nacional,BienvenidoMarzo
CIA,OSS
The White House,WomensHistoryMonth
NSW Police,Maroubra
NSW Police,NSWRFS
NSW Police,Wollongong
NSW Police,LakeMacquarie
NSW Police,Newcastle
NSW Police,Unanderra
Guardia Civil,BuenasNoticias
Guardia Civil,menor
Guardia Civil,desaparecido
Guardia Civil,Pontevedra
Guardia Civil,MuyUrgente
Guardia Civil,mayor
Guardia Civil,desaparecido
Guardia Civil,Santander
Guardia Civil,Batman
Guardia Civil,RRSS
Guardia Civil,ExcusaDeCuñadoNivelMítico
Guardia Civil,AlLoro
Guardia Civil,ciclista
Guardia Civil,peatón
Guardia Civil,MUYURGENTE
Guardia Civil,menor
Guardia Civil,desaparecido
Guardia Civil,Vigo
Guardia Civil,Pontevedra
Guardia Civil,DateOtraVuelta
Guardia Civil,WalkingDead
Guardia Civil,NoToleres
Guardia Civil,MUYIMPORTANTE
Guardia Civil,menor
Guardia Civil,desaparecido
Guardia Civil,Almería
Guardia Civil,UCO
Guardia Civil,Cádiz
Guardia Civil,IFEMA
Guardia Civil,Esterilizar
Guardia Civil,Piénsatelo
Guardia Civil,Pontevedra
Guardia Civil,diainternacionalproteccioncivil
Guardia Civil,Internet
Guardia Civil,AULA2018
Guardia Civil,correlindris
Guardia Civil,BuenosDías
Dir. Gral. Tráfico,EducaciónVial
Dir. Gral. Tráfico,JPT
Dir. Gral. Tráfico,Granada
Dir. Gral. Tráfico,alcoholyotrasdrogas
Dir. Gral. Tráfico,bici
Dir. Gral. Tráfico,DecálogoSeguridadVialInfantil
Dir. Gral. Tráfico,SeguridadVial
Dir. Gral. Tráfico,nieve
Dir. Gral. Tráfico,vehículos
Dir. Gral. Tráfico,Infraestructuras
Dir. Gral. Tráfico,bicicletas
Dir. Gral. Tráfico,distancias
Dir. Gral. Tráfico,velocidad
Dir. Gral. Tráfico,lluvia
Dir. Gral. Tráfico,nieve
Dir. Gral. Tráfico,viento
Dir. Gral. Tráfico,nieve
Dir. Gral. Tráfico,lluvia
Dir. Gral. Tráfico,viento
Dir. Gral. Tráfico,Cataluña
Dir. Gral. Tráfico,cocaína
Dir. Gral. Tráfico,DGT
Dir. Gral. Tráfico,PlanEstratégicoBici
Dir. Gral. Tráfico,Infraestructuras
Dir. Gral. Tráfico,DGT
Dir. Gral. Tráfico,carretera
Dir. Gral. Tráfico,Infraestructuras
Dir. Gral. Tráfico,bicicletas
Dir. Gral. Tráfico,viento
Dir. Gral. Tráfico,nieve
Dir. Gral. Tráfico,carreteras
Dir. Gral. Tráfico,viento
Dir. Gral. Tráfico,BuenosDías
Dir. Gral. Tráfico,DGTeros
ESA,Hubble
ESA,OTD
ESA,ESTEC
ESA,ESRO
ESA,Mars
ESA,Saturn
ESA,satellite
ESA,WhereonEarth
ESA,calendar
ESA,March
NASA,GOESS
NASA,GOESS
NASA,GOESS
NASA,GOESS
NASA,GOESS
NASA,GOESS
NASA,GOESS
NASA,GOESS
NASA,GOESS
NASA,GOESS
NASA,GOESS
NASA,GOESS
NASA,GOESS
NASA,GOES17
CERN,CERN
CERN,TBT
CERN,CERNMedTechHack
European Commission ??,Trump
European Commission ??,steel
European Commission ??,LGBTI
European Commission ??,ZeroDiscriminationDay
European Commission ??,WesternBalkans
European Commission ??,Bulgaria
European Commission ??,Sofia
European Commission ??,illegalcontent
European Commission ??,Sofia
European Commission ??,WesternBalkans
European Commission ??,postedworkers
United Nations,KNLprez
United Nations,UNSC
United Nations,DRR
United Nations,SendaiFramework
United Nations,ZeroDiscrimination
United Nations,TBT
United Nations,TeamSmurfs
United Nations,UnitedNations
United Nations,DiscriminationAgainstWomen
United Nations,CEDAW
United Nations,Luxembourg
United Nations,zerodiscrimination
Naciones Unidas,CeroDiscriminación
Naciones Unidas,CeroDiscriminación
UNICEF,ForEveryChild
UNICEF,ENDviolence
UNICEF,Romania
UNICEF,ForEveryChild
she dances tibet,haiku
she dances tibet,micropoetry
she dances tibet,ExtinctionIsForever
PETA,vegan
PETA,LosAngeles
PETA,vegan
PETA,ChloeFlavor
PETA,vegan
PETA,SeaWorld
PETA,PETAsSexiestVegan
PETA,Hawaii
PETA,vegan
PETA,CrueltyFree
PETA,YoungBlackAndVegan
PETA,vegan
PETA,RareDiseaseDay
PETA,vegan
PETA,WorldBookDay
PETA,vegan
PETA,Vancouver
PETA,WorldWaterDay
PETA,NationalPeanutButterLoversDay
PETA,NationalPigDay
PETA,CircusPagesInternational
National Zoo,NationalPigDay
Animal Life,strikeapose
darth™,tbt
darth™,Space
darth™,Science
darth™,AskAbby
darth™,PUPPYCART
darth™,rescuedogs
darth™,NationalPublicSleepingDay
AnimalPlanet,NationalPeanutButterLoversDay
AnimalPlanet,NationalPigDay
Nat Geo WILD,DrPol
TED Talks,WomensHistoryMonth
TED Talks,WorkLife
Ciencia Plus,LoMásLeído
Ciencia Plus,Curiosity
Ciencia Plus,Marte
Ciencia Plus,LoMásLeído
Ciencia Plus,LoMásLeído
Ciencia Plus,Luna
Ciencia Plus,VÍDEO
Ciencia Plus,flores
Ciencia Plus,aves
Ciencia Plus,dinosaurios
Ciencia Plus,supernova
Ciencia Plus,Curiosity
Ciencia Plus,Marte
Ciencia Plus,CO2
Ciencia Plus,CambioClimático
Ciencia Plus,Venera3
Ciencia Plus,radiactividad
Ciencia Plus,vulcanismo
Ciencia Plus,galaxias
Ciencia Plus,Luna
Ciencia Plus,Picasso
March for Science,marchforscience
Science Museum,IlluminatingIndia
Science Museum,SMGRemix
AAAS,scicomm
AAAS,ScienceMagArchives
AAAS,WomensHistoryMonth
AAAS,womeninSTEM
National Science Fdn,TBT
National Science Fdn,Eclipse2017
National Science Fdn,PAEMST
National Science Fdn,DYK
National Science Fdn,NSFfunded
National Science Fdn,farm
National Science Fdn,birds
Science World,WishMonth
Science World,Canada2067
Science World,TriviaChallenge
Richard Dawkins Foundation ????????????? ?,WomenInSTEM
Richard Dawkins Foundation ????????????? ?,WomensHistoryMonth
Richard Dawkins Foundation ????????????? ?,WomensHistoryMonth
Richard Dawkins Foundation ????????????? ?,WomensHistoryMonth
Richard Dawkins Foundation ????????????? ?,Bible
Richard Dawkins Foundation ????????????? ?,Christianity
Richard Dawkins Foundation ????????????? ?,Catholicism
Richard Dawkins Foundation ????????????? ?,ZeroDiscriminationDay
Richard Dawkins Foundation ????????????? ?,HumanistPrism
Bloomberg,tictocnews
Bloomberg,BTECH
Bloomberg,WDYM
Bloomberg,tictocnews
Bloomberg,MeToo
Bloomberg,tictocnews
Bloomberg,Fed
Bloomberg,hike
Bloomberg,BTV
Bloomberg,tictocnews
Bloomberg,tictocnews
Bloomberg,tictocnews
Bloomberg,Daybreak
TV_Trading Ideas,BTC
TV_Trading Ideas,BTCUSD
TV_Trading Ideas,TradeSense
TV_Trading Ideas,ARN
TV_Trading Ideas,NEO
TV_Trading Ideas,venbtc
TV_Trading Ideas,NEM
TV_Trading Ideas,XEMBTC
TV_Trading Ideas,XEM
TV_Trading Ideas,NQ
TV_Trading Ideas,XMGBTC
TV_Trading Ideas,NQ
TV_Trading Ideas,ETC
TV_Trading Ideas,Biotech
TV_Trading Ideas,Biotech
TV_Trading Ideas,Premarket
TV_Trading Ideas,BTC
TV_Trading Ideas,Earnings
TV_Trading Ideas,Premarket
TV_Trading Ideas,BTC
TV_Trading Ideas,NEM
TV_Trading Ideas,XEM
TV_Trading Ideas,binance
TV_Trading Ideas,e
TV_Trading Ideas,Capture
TV_Trading Ideas,VEN
TV_Trading Ideas,venbtc
TV_Trading Ideas,BTCUSD
TV_Trading Ideas,LSKUSD
TV_Trading Ideas,tuclk
TV_Trading Ideas,XRPUSD
TV_Trading Ideas,XRPUSD
TV_Trading Ideas,GVT
TV_Trading Ideas,GVTBTC
TV_Trading Ideas,ETC
TV_Trading Ideas,BTCETC
TV_Trading Ideas,sys
TV_Trading Ideas,btcsys
TV_Trading Ideas,STRAT
TV_Trading Ideas,STRATBTC
TV_Trading Ideas,STRAT
TV_Trading Ideas,STRATBTC
My Trading Buddy,Investors
My Trading Buddy,undervalued
My Trading Buddy,stocks
My Trading Buddy,valueinvesting
My Trading Buddy,REITs
My Trading Buddy,Trading
My Trading Buddy,Stocks
My Trading Buddy,Forex
My Trading Buddy,Futures
My Trading Buddy,Stocks
My Trading Buddy,Traders
My Trading Buddy,Twitter
My Trading Buddy,Instagram
My Trading Buddy,Facebook
My Trading Buddy,GooglePlus
My Trading Buddy,FlipBoard
My Trading Buddy,Gold
My Trading Buddy,iPhoneCase
My Trading Buddy,iPhone5s
My Trading Buddy,iPhone7Plus
My Trading Buddy,Stocks
My Trading Buddy,App
My Trading Buddy,iPhone
My Trading Buddy,iPad
My Trading Buddy,Trading
My Trading Buddy,Stocks
My Trading Buddy,Forex
My Trading Buddy,Futures
My Trading Buddy,Traders
My Trading Buddy,Trading
My Trading Buddy,Software
My Trading Buddy,Markets
My Trading Buddy,Stocks
My Trading Buddy,Trading
My Trading Buddy,Trading
My Trading Buddy,Stocks
My Trading Buddy,equities
My Trading Buddy,AI
My Trading Buddy,Stocks
My Trading Buddy,Trading
My Trading Buddy,Webinars
My Trading Buddy,Elliottwave
My Trading Buddy,SwingTrading
My Trading Buddy,Stocks
My Trading Buddy,Futures
My Trading Buddy,Orderflow
My Trading Buddy,Trading
My Trading Buddy,Traders
My Trading Buddy,Blog
My Trading Buddy,Trading
My Trading Buddy,Markets
My Trading Buddy,Forex
My Trading Buddy,Stocks
My Trading Buddy,Trading
My Trading Buddy,Hoodies
My Trading Buddy,Trading
My Trading Buddy,Stocks
My Trading Buddy,Futures
My Trading Buddy,Fx
My Trading Buddy,ETFs
My Trading Buddy,Investing
My Trading Buddy,Trading
My Trading Buddy,Investor
My Trading Buddy,SmartBeta
My Trading Buddy,Investing
My Trading Buddy,Stategy
My Trading Buddy,Trading
My Trading Buddy,ETFs
My Trading Buddy,Trading
My Trading Buddy,Nasdaq
My Trading Buddy,NYSE
My Trading Buddy,AMEX
My Trading Buddy,TSX
My Trading Buddy,Stocks
My Trading Buddy,Stockvaluation
My Trading Buddy,HotStocks
My Trading Buddy,Markets
My Trading Buddy,Trading
My Trading Buddy,Stocks
My Trading Buddy,Fx
My Trading Buddy,Options
My Trading Buddy,Futures
My Trading Buddy,trading
My Trading Buddy,mojo
My Trading Buddy,Mentors
My Trading Buddy,Traders
My Trading Buddy,Forex
My Trading Buddy,Stocks
My Trading Buddy,Options
My Trading Buddy,Futures
My Trading Buddy,Ebooks
My Trading Buddy,Trading
My Trading Buddy,Pschology
My Trading Buddy,Swingtrading
My Trading Buddy,Stocks
My Trading Buddy,Futures
My Trading Buddy,Forex
My Trading Buddy,ElliottWave
My Trading Buddy,Stocks
My Trading Buddy,Traders
My Trading Buddy,Investors
My Trading Buddy,Trading
My Trading Buddy,Markets
My Trading Buddy,Software
My Trading Buddy,Traders
My Trading Buddy,AI
My Trading Buddy,Stocks
My Trading Buddy,Trading
My Trading Buddy,Trading
My Trading Buddy,Trading
My Trading Buddy,Futures
My Trading Buddy,Orderflow
My Trading Buddy,Trading
My Trading Buddy,Traders
My Trading Buddy,Trading
My Trading Buddy,Coffee
My Trading Buddy,TradingDay
My Trading Buddy,Stocks
My Trading Buddy,MultiCharts
My Trading Buddy,ElliottWave
My Trading Buddy,Stocks
My Trading Buddy,Blog
My Trading Buddy,Trading
My Trading Buddy,Markets
My Trading Buddy,Stocks
My Trading Buddy,Traders
My Trading Buddy,AI
My Trading Buddy,Stocks
My Trading Buddy,Trading
My Trading Buddy,Trading
My Trading Buddy,Nasdaq
My Trading Buddy,NYSE
My Trading Buddy,AMEX
My Trading Buddy,TSX
My Trading Buddy,Stocks
My Trading Buddy,Stockvaluation
My Trading Buddy,HotStocks
My Trading Buddy,trading
My Trading Buddy,mojo
My Trading Buddy,Mentors
My Trading Buddy,Investors
My Trading Buddy,Dividend
My Trading Buddy,Stocks
My Trading Buddy,Hedge
My Trading Buddy,Market
My Trading Buddy,Gold
My Trading Buddy,iPhoneCase
My Trading Buddy,iPhone5s
My Trading Buddy,iPhone7Plus
My Trading Buddy,Forex
My Trading Buddy,mtbanalysis
My Trading Buddy,forexsignals
My Trading Buddy,ElliottWave
My Trading Buddy,TradeStation
My Trading Buddy,Trading
My Trading Buddy,Stocks
My Trading Buddy,equities
My Trading Buddy,ElliottWave
My Trading Buddy,Thinkorswim
My Trading Buddy,MovingAverages
My Trading Buddy,Trend
My Trading Buddy,Stocks
My Trading Buddy,Forex
My Trading Buddy,Trading
My Trading Buddy,Fx
My Trading Buddy,stocks
My Trading Buddy,Futures
My Trading Buddy,Options
My Trading Buddy,trading
My Trading Buddy,Investing
My Trading Buddy,Trading
My Trading Buddy,ElliottWave
My Trading Buddy,NinjaTrader
My Trading Buddy,Android
My Trading Buddy,App
My Trading Buddy,Trading
My Trading Buddy,Stocks
My Trading Buddy,Fx
My Trading Buddy,Options
My Trading Buddy,Futures
My Trading Buddy,Trading
My Trading Buddy,Markets
My Trading Buddy,Software
My Trading Buddy,Traders
My Trading Buddy,Stocks
My Trading Buddy,App
My Trading Buddy,iPhone
My Trading Buddy,iPad
My Trading Buddy,Trading
My Trading Buddy,Stocks
My Trading Buddy,Forex
My Trading Buddy,Futures
My Trading Buddy,Stocks
My Trading Buddy,Trading
My Trading Buddy,Stocks
My Trading Buddy,Trading
My Trading Buddy,SocialMedia
My Trading Buddy,Stocks
My Trading Buddy,Earnings
My Trading Buddy,Futures
My Trading Buddy,Markets
My Trading Buddy,Trading
My Trading Buddy,Forex
My Trading Buddy,mtbanalysis
My Trading Buddy,forexsignals
My Trading Buddy,Trading
My Trading Buddy,Stocks
My Trading Buddy,SwingTrading
My Trading Buddy,ElliottWave
My Trading Buddy,Equities
My Trading Buddy,Broker
My Trading Buddy,NYSE
My Trading Buddy,NASDAQ
My Trading Buddy,Stocks
My Trading Buddy,AI
My Trading Buddy,Stocks
My Trading Buddy,Trading
My Trading Buddy,Trading
My Trading Buddy,Trading
My Trading Buddy,Forex
My Trading Buddy,Stocks
My Trading Buddy,Options
My Trading Buddy,ElliottWave
My Trading Buddy,NinjaTrader
My Trading Buddy,Forex
My Trading Buddy,Affiliates
My Trading Buddy,MiFIDII
My Trading Buddy,AI
My Trading Buddy,Stocks
My Trading Buddy,AlgoTrading
My Trading Buddy,Trading
My Trading Buddy,FundamentalAnalysis
My Trading Buddy,Stocks
My Trading Buddy,Investing
My Trading Buddy,Stocks
My Trading Buddy,Stocks
My Trading Buddy,Trading
My Trading Buddy,Stocks
My Trading Buddy,Traders
My Trading Buddy,AI
My Trading Buddy,Trading
My Trading Buddy,Trading
My Trading Buddy,Stocks
My Trading Buddy,Indexes
My Trading Buddy,DarvasBox
My Trading Buddy,Trading
My Trading Buddy,Breakouts
My Trading Buddy,LearnToTrade
My Trading Buddy,Forex
My Trading Buddy,Stocks
My Trading Buddy,futures
My Trading Buddy,options
My Trading Buddy,Markets
My Trading Buddy,Trading
My Trading Buddy,MTBPro
My Trading Buddy,Trading
My Trading Buddy,Trading
My Trading Buddy,Blog
My Trading Buddy,Trading
My Trading Buddy,CrudeOil
My Trading Buddy,Futures
My Trading Buddy,Commodities
My Trading Buddy,Traders
My Trading Buddy,USCrudeOil
My Trading Buddy,Infographic
My Trading Buddy,BITCOIN
My Trading Buddy,CryptoCurrency
My Trading Buddy,Stocks
My Trading Buddy,Forex
My Trading Buddy,Futures
My Trading Buddy,Trading
My Trading Buddy,Thinkorswim
My Trading Buddy,ElliottWave
My Trading Buddy,ValueStocks
My Trading Buddy,undervalued
My Trading Buddy,Stocks
My Trading Buddy,Trading
My Trading Buddy,Stocks
My Trading Buddy,Forex
My Trading Buddy,Stocks
My Trading Buddy,AI
My Trading Buddy,AlgoTrading
My Trading Buddy,Trading
My Trading Buddy,Trading
My Trading Buddy,Markets
My Trading Buddy,Swingtrading
My Trading Buddy,Stocks
My Trading Buddy,Futures
My Trading Buddy,Forex
My Trading Buddy,ElliottWave
My Trading Buddy,Stocks
My Trading Buddy,Traders
My Trading Buddy,Investors
My Trading Buddy,Trading
My Trading Buddy,Forex
My Trading Buddy,ForexSignals
My Trading Buddy,Fx
My Trading Buddy,SocialMedia
My Trading Buddy,Investors
My Trading Buddy,Investment
My Trading Buddy,Stocks
My Trading Buddy,SwingTrading
My Trading Buddy,Stocks
My Trading Buddy,Trading
My Trading Buddy,Futures
My Trading Buddy,Forex
My Trading Buddy,Stocks
My Trading Buddy,ETFs
My Trading Buddy,Software
My Trading Buddy,SwingTrading
My Trading Buddy,Elliottwave
My Trading Buddy,iPhoneCase
My Trading Buddy,iPhone6
My Trading Buddy,iPhone6s
My Trading Buddy,iPhone6sPlus
My Trading Buddy,iPhone7
My Trading Buddy,iPhone7Plus
My Trading Buddy,Trading
My Trading Buddy,Intraday
My Trading Buddy,Stocks
My Trading Buddy,Broker
My Trading Buddy,Stocks
My Trading Buddy,Forex
My Trading Buddy,Futures
My Trading Buddy,Trading
My Trading Buddy,TradeStation
My Trading Buddy,PennyStocks
My Trading Buddy,Stocks
My Trading Buddy,Trading
My Trading Buddy,App
My Trading Buddy,iPhone
My Trading Buddy,Trading
My Trading Buddy,ElliottWave
My Trading Buddy,Forex
My Trading Buddy,Markets
My Trading Buddy,Trading
My Trading Buddy,Stocks
My Trading Buddy,Forex
My Trading Buddy,Options
My Trading Buddy,Futures
My Trading Buddy,Stocks
My Trading Buddy,Traders
My Trading Buddy,Investors
My Trading Buddy,Stocks
My Trading Buddy,Stocks
My Trading Buddy,Swingtrading
My Trading Buddy,Stocks
My Trading Buddy,Futures
My Trading Buddy,Forex
My Trading Buddy,ElliottWave
My Trading Buddy,Trading
My Trading Buddy,Emini
My Trading Buddy,Futures
My Trading Buddy,Traders
My Trading Buddy,Brokers
My Trading Buddy,SocialMedia
My Trading Buddy,Forex
My Trading Buddy,Trading
My Trading Buddy,FundamentalAnalysis
My Trading Buddy,Stocks
My Trading Buddy,Investing
My Trading Buddy,Commodities
My Trading Buddy,Currencies
My Trading Buddy,mtbanalysis
My Trading Buddy,Stochastic
My Trading Buddy,Trading
My Trading Buddy,Traders
My Trading Buddy,Trading
My Trading Buddy,DayTrading
My Trading Buddy,Stocks
My Trading Buddy,markets
My Trading Buddy,Trading
My Trading Buddy,AI
My Trading Buddy,Stocks
My Trading Buddy,App
My Trading Buddy,iPhone
My Trading Buddy,Options
My Trading Buddy,Traders
My Trading Buddy,Trading
My Trading Buddy,Emini
My Trading Buddy,Futures
My Trading Buddy,Trading
My Trading Buddy,Investors
My Trading Buddy,Traders
My Trading Buddy,Stocks
My Trading Buddy,Traders
My Trading Buddy,Trading
My Trading Buddy,mojo
My Trading Buddy,Options
My Trading Buddy,Forex
My Trading Buddy,Futures
My Trading Buddy,FAQs
My Trading Buddy,Investment
My Trading Buddy,Investing
My Trading Buddy,Futures
My Trading Buddy,Trading
My Trading Buddy,TRADING
My Trading Buddy,Orderflow
My Trading Buddy,Futures
My Trading Buddy,Commodities
My Trading Buddy,Traders
My Trading Buddy,Investors
My Trading Buddy,Crude
My Trading Buddy,Trading
My Trading Buddy,blog
My Trading Buddy,Traders
My Trading Buddy,Trading
My Trading Buddy,NYSE
My Trading Buddy,NASDAQ
My Trading Buddy,Stocks
My Trading Buddy,ETFs
My Trading Buddy,Broker
My Trading Buddy,Stocks
My Trading Buddy,Swingtrading
My Trading Buddy,Stocks
My Trading Buddy,Forex
My Trading Buddy,Traders
My Trading Buddy,Trading
My Trading Buddy,Trading
My Trading Buddy,Emini
My Trading Buddy,Futures
My Trading Buddy,Trading
My Trading Buddy,Trading
My Trading Buddy,Investing
My Trading Buddy,Trading
My Trading Buddy,Stocks
My Trading Buddy,Swingtrading
My Trading Buddy,Signals
My Trading Buddy,Stocks
My Trading Buddy,SwingTrading
My Trading Buddy,Forex
My Trading Buddy,mtbanalysis
My Trading Buddy,forexsignals
My Trading Buddy,Traders
My Trading Buddy,Stocks
My Trading Buddy,Options
My Trading Buddy,Nasdaq
My Trading Buddy,Stocks
My Trading Buddy,DAYTRADING
My Trading Buddy,Stocks
My Trading Buddy,Trading
My Trading Buddy,Trading
My Trading Buddy,iPhonecase
My Trading Buddy,iPhone6s
My Trading Buddy,Traders
My Trading Buddy,Trading
My Trading Buddy,Investors
My Trading Buddy,Cryptocurrency
My Trading Buddy,ICO
My Trading Buddy,Trading
My Trading Buddy,Investors
My Trading Buddy,REITs
My Trading Buddy,Trading
My Trading Buddy,Emini
My Trading Buddy,Futures
My Trading Buddy,Trading
My Trading Buddy,Stocks
My Trading Buddy,App
My Trading Buddy,Android
My Trading Buddy,Bonds
My Trading Buddy,Commodities
My Trading Buddy,Markets
My Trading Buddy,Trading
My Trading Buddy,Stocks
My Trading Buddy,Fx
My Trading Buddy,Options
My Trading Buddy,Futures
My Trading Buddy,Stocks
My Trading Buddy,Stocks
My Trading Buddy,tradeth5th
My Trading Buddy,SwingTrading
My Trading Buddy,ElliottWave
My Trading Buddy,NinjaTrader
My Trading Buddy,trading
My Trading Buddy,Stocks
My Trading Buddy,Traders
My Trading Buddy,Twitter
My Trading Buddy,Instagram
My Trading Buddy,Facebook
My Trading Buddy,GooglePlus
My Trading Buddy,FlipBoard
My Trading Buddy,PlayBook
My Trading Buddy,Trading
My Trading Buddy,Emini
My Trading Buddy,Futures
My Trading Buddy,Trading
My Trading Buddy,Stocks
My Trading Buddy,FundamentalAnalysis
My Trading Buddy,Dividend
My Trading Buddy,Stocks
My Trading Buddy,Market
My Trading Buddy,trading
My Trading Buddy,Investing
My Trading Buddy,Trading
My Trading Buddy,Traders
My Trading Buddy,Forex
My Trading Buddy,Commodities
My Trading Buddy,Stocks
My Trading Buddy,Trading
My Trading Buddy,Shorts
My Trading Buddy,Equities
My Trading Buddy,ETFs
My Trading Buddy,stocks
My Trading Buddy,Trading
My Trading Buddy,Trades
My Trading Buddy,Stocks
My Trading Buddy,Investors
My Trading Buddy,RenewableEnergy
My Trading Buddy,investing
My Trading Buddy,Trading
My Trading Buddy,Blog
My Trading Buddy,Trading
My Trading Buddy,Crude
My Trading Buddy,Futures
My Trading Buddy,Trading
My Trading Buddy,Futures
My Trading Buddy,Forex
My Trading Buddy,Stocks
My Trading Buddy,Trading
My Trading Buddy,Traders
My Trading Buddy,Stocks
My Trading Buddy,Traders
My Trading Buddy,IPOs
My Trading Buddy,Investors
My Trading Buddy,FAQs
My Trading Buddy,Investors
My Trading Buddy,investmnt
My Trading Buddy,DayTrading
My Trading Buddy,App
My Trading Buddy,iPhone
My Trading Buddy,Stocks
My Trading Buddy,Trending
My Trading Buddy,Trading
My Trading Buddy,Stocks
My Trading Buddy,Forex
My Trading Buddy,Futures
My Trading Buddy,Software
My Trading Buddy,Breakout
My Trading Buddy,Stocks
My Trading Buddy,Indexes
My Trading Buddy,Traders
My Trading Buddy,DarvasBox
My Trading Buddy,Trading
My Trading Buddy,Stocks
My Trading Buddy,Swingtrading
My Trading Buddy,Trading
My Trading Buddy,Stocks
My Trading Buddy,Forex
My Trading Buddy,Futures
My Trading Buddy,Traders
My Trading Buddy,Stocks
My Trading Buddy,Traders
My Trading Buddy,Investors
My Trading Buddy,economic
My Trading Buddy,Markets
My Trading Buddy,Stocks
My Trading Buddy,Broker
My Trading Buddy,Intraday
My Trading Buddy,DayTrading
My Trading Buddy,Investors
My Trading Buddy,Cryptocurrency
My Trading Buddy,ICO
My Trading Buddy,mtbanalysis
My Trading Buddy,Trading
My Trading Buddy,Markets
My Trading Buddy,Stocks
My Trading Buddy,SwingTrading
My Trading Buddy,Investors
My Trading Buddy,Fintech
My Trading Buddy,GlobalMarkets
My Trading Buddy,Stocks
My Trading Buddy,Forex
My Trading Buddy,Futures
My Trading Buddy,Trading
My Trading Buddy,NinjaTrader
My Trading Buddy,stocks
My Trading Buddy,fx
My Trading Buddy,options
My Trading Buddy,futures
My Trading Buddy,Traders
My Trading Buddy,Trading
My Trading Buddy,MultiCharts
My Trading Buddy,ElliottWave
My Trading Buddy,Traders
My Trading Buddy,tradinghacker
My Trading Buddy,Commodities
My Trading Buddy,Currencies
My Trading Buddy,mtbanalysis
My Trading Buddy,Trading
My Trading Buddy,Investors
My Trading Buddy,undervalued
My Trading Buddy,stocks
My Trading Buddy,valueinvesting
My Trading Buddy,REITs
My Trading Buddy,Stocks
My Trading Buddy,SwingTrading
My Trading Buddy,Trading
My Trading Buddy,Stocks
My Trading Buddy,Traders
My Trading Buddy,Investment
My Trading Buddy,DayTrading
My Trading Buddy,AI
My Trading Buddy,Swingtrading
My Trading Buddy,Stocks
My Trading Buddy,Futures
My Trading Buddy,Forex
My Trading Buddy,ElliottWave
My Trading Buddy,Stocks
My Trading Buddy,NYSE
My Trading Buddy,Investors
My Trading Buddy,Trading
My Trading Buddy,Options
My Trading Buddy,Forex
My Trading Buddy,Futures
My Trading Buddy,Indexes
My Trading Buddy,ContentMarketing
My Trading Buddy,Broker
My Trading Buddy,Trading
My Trading Buddy,Trading
My Trading Buddy,Trading
My Trading Buddy,TradingDay
My Trading Buddy,Trading
My Trading Buddy,Forex
My Trading Buddy,Stocks
My Trading Buddy,Newspaper
My Trading Buddy,ValueInvestor
My Trading Buddy,Stocks
My Trading Buddy,FundamentalAnalysis
My Trading Buddy,equities
My Trading Buddy,Stocks
My Trading Buddy,SwingTrading
My Trading Buddy,Stocks
My Trading Buddy,Traders
My Trading Buddy,Trading
My Trading Buddy,Trading
My Trading Buddy,Stocks
My Trading Buddy,Futures
My Trading Buddy,Forex
My Trading Buddy,ETFs
My Trading Buddy,MACD
My Trading Buddy,Stochastic
My Trading Buddy,RSI
My Trading Buddy,Investors
My Trading Buddy,Alpha
My Trading Buddy,Funds
My Trading Buddy,Traders
My Trading Buddy,NYSE
My Trading Buddy,NASDAQ
My Trading Buddy,Stocks
My Trading Buddy,Trading
My Trading Buddy,Equities
My Trading Buddy,Broker
My Trading Buddy,Stocks
My Trading Buddy,Trading
My Trading Buddy,Charts
My Trading Buddy,Nasdaq
My Trading Buddy,AlgoTrading
My Trading Buddy,Stocks
My Trading Buddy,Traders
My Trading Buddy,Trading
My Trading Buddy,Forex
My Trading Buddy,Commodities
My Trading Buddy,mtbanalysis
My Trading Buddy,Entrepeneurs
My Trading Buddy,Trading
My Trading Buddy,Investing
Harvard Biz Review,MeToo
Harvard Biz Review,MeToo
Harvard Biz Review,WomenatWork
BabyPips,Forex
BabyPips,Forex
BabyPips,Forex
Trading Nation,bitcoin
Cheds Trading [LTC] [Cancer Fighter],bitcoin
Cheds Trading [LTC] [Cancer Fighter],bitcoin
Cheds Trading [LTC] [Cancer Fighter],Win
Cheds Trading [LTC] [Cancer Fighter],bitcoin
Cheds Trading [LTC] [Cancer Fighter],bitcoin
Cheds Trading [LTC] [Cancer Fighter],bitcoin
Cheds Trading [LTC] [Cancer Fighter],bitcoin
Cheds Trading [LTC] [Cancer Fighter],bitcoin
Cheds Trading [LTC] [Cancer Fighter],bitcoin
Cheds Trading [LTC] [Cancer Fighter],bitcoin
Cheds Trading [LTC] [Cancer Fighter],bitcoin
Daniels Trading,broker
Daniels Trading,futures
Daniels Trading,Classic18
Daniels Trading,futures
Daniels Trading,trading
Daniels Trading,hedge
Daniels Trading,risk
Daniels Trading,trading
Daniels Trading,futures
Daniels Trading,broker
Anthony Schmitt Financial Services,Fintech
Anthony Schmitt Financial Services,Ethereum
Anthony Schmitt Financial Services,trading
Anthony Schmitt Financial Services,crypto
Anthony Schmitt Financial Services,fintech
Anthony Schmitt Financial Services,blockchain
Anthony Schmitt Financial Services,IPOs
Anthony Schmitt Financial Services,Bitcoin
Anthony Schmitt Financial Services,Blockchain
Anthony Schmitt Financial Services,Banking
Anthony Schmitt Financial Services,Healthcare
Anthony Schmitt Financial Services,Crypto
Anthony Schmitt Financial Services,Startup
Anthony Schmitt Financial Services,Bitcoin
Anthony Schmitt Financial Services,trading
Anthony Schmitt Financial Services,blockchain
Anthony Schmitt Financial Services,fintech
Anthony Schmitt Financial Services,crypto
Anthony Schmitt Financial Services,Banking
Anthony Schmitt Financial Services,Fintech
Anthony Schmitt Financial Services,Automation
Anthony Schmitt Financial Services,AI
Anthony Schmitt Financial Services,IoT
Anthony Schmitt Financial Services,MachineLearning
Anthony Schmitt Financial Services,Cryptocurrency
Anthony Schmitt Financial Services,Data
Anthony Schmitt Financial Services,MachineLearning
Anthony Schmitt Financial Services,Cryptocurrency
Anthony Schmitt Financial Services,Japan
Anthony Schmitt Financial Services,AI
Anthony Schmitt Financial Services,MachineLearning
Anthony Schmitt Financial Services,Crypto
Anthony Schmitt Financial Services,B2B
Anthony Schmitt Financial Services,bank
Anthony Schmitt Financial Services,fintech
Anthony Schmitt Financial Services,SenseTime
Anthony Schmitt Financial Services,AI
Anthony Schmitt Financial Services,China
Anthony Schmitt Financial Services,AI
Anthony Schmitt Financial Services,India
Anthony Schmitt Financial Services,SEC
Anthony Schmitt Financial Services,ICOs
Anthony Schmitt Financial Services,Banking
Anthony Schmitt Financial Services,DigitalTransformation
Anthony Schmitt Financial Services,CX
Anthony Schmitt Financial Services,Blockchain
Anthony Schmitt Financial Services,Diversity
Anthony Schmitt Financial Services,Inclusion
Anthony Schmitt Financial Services,Tencent
Anthony Schmitt Financial Services,Banks
Anthony Schmitt Financial Services,Cryptocurrencies
Anthony Schmitt Financial Services,Blockchain
Anthony Schmitt Financial Services,smartcontracts
Anthony Schmitt Financial Services,SEC
Anthony Schmitt Financial Services,ICOs
Anthony Schmitt Financial Services,Cryptocurrency
Anthony Schmitt Financial Services,Alibaba
Anthony Schmitt Financial Services,ECommerce
Anthony Schmitt Financial Services,Blockchain
Anthony Schmitt Financial Services,fintech
Anthony Schmitt Financial Services,IoT
Anthony Schmitt Financial Services,IIoT
Anthony Schmitt Financial Services,fintech
Anthony Schmitt Financial Services,insurtech
Anthony Schmitt Financial Services,bank
Anthony Schmitt Financial Services,HongKong
Anthony Schmitt Financial Services,AI
Anthony Schmitt Financial Services,Startups
Anthony Schmitt Financial Services,Germany
Anthony Schmitt Financial Services,tax
Anthony Schmitt Financial Services,bitcoin
Anthony Schmitt Financial Services,cryptocurrency
Anthony Schmitt Financial Services,payment
Anthony Schmitt Financial Services,Blockchain
Anthony Schmitt Financial Services,Payments
Anthony Schmitt Financial Services,PoC
Anthony Schmitt Financial Services,fintech
Anthony Schmitt Financial Services,banking
Anthony Schmitt Financial Services,Fintech
Anthony Schmitt Financial Services,Blockchain
Anthony Schmitt Financial Services,banking
Anthony Schmitt Financial Services,MobilePayments
Anthony Schmitt Financial Services,banking
Anthony Schmitt Financial Services,fintech
Anthony Schmitt Financial Services,finserv
Anthony Schmitt Financial Services,blockchain
Anthony Schmitt Financial Services,influencer
Anthony Schmitt Financial Services,fintech
Anthony Schmitt Financial Services,VC
Anthony Schmitt Financial Services,Fintech
Anthony Schmitt Financial Services,VC
Anthony Schmitt Financial Services,fintech
Anthony Schmitt Financial Services,funding
Anthony Schmitt Financial Services,BigData
Anthony Schmitt Financial Services,Banks
Anthony Schmitt Financial Services,Fintech
Anthony Schmitt Financial Services,analytics
Anthony Schmitt Financial Services,cloud
Anthony Schmitt Financial Services,bigdata
Anthony Schmitt Financial Services,smartcity
Anthony Schmitt Financial Services,automation
Anthony Schmitt Financial Services,AI
Anthony Schmitt Financial Services,VC
Anthony Schmitt Financial Services,Fintech
Anthony Schmitt Financial Services,China
Anthony Schmitt Financial Services,Singapore
Anthony Schmitt Financial Services,AI
Anthony Schmitt Financial Services,Digital
Anthony Schmitt Financial Services,digitalcurrency
Anthony Schmitt Financial Services,bigdata
Anthony Schmitt Financial Services,fintech
Anthony Schmitt Financial Services,China
Anthony Schmitt Financial Services,mobilepayments
Anthony Schmitt Financial Services,Blockchain
Anthony Schmitt Financial Services,DLT
Anthony Schmitt Financial Services,fintech
Anthony Schmitt Financial Services,Alibaba
Anthony Schmitt Financial Services,AI
Anthony Schmitt Financial Services,BigData
Anthony Schmitt Financial Services,Cloud
Anthony Schmitt Financial Services,Digital
Anthony Schmitt Financial Services,fintech
Anthony Schmitt Financial Services,healthcare
Anthony Schmitt Financial Services,insurance
Anthony Schmitt Financial Services,fintech
Anthony Schmitt Financial Services,Cloud
Anthony Schmitt Financial Services,AI
Anthony Schmitt Financial Services,bigdata
Anthony Schmitt Financial Services,tech
Anthony Schmitt Financial Services,fintech
Anthony Schmitt Financial Services,AI
Anthony Schmitt Financial Services,Privacy
Anthony Schmitt Financial Services,dataprivacy
Anthony Schmitt Financial Services,Startups
Anthony Schmitt Financial Services,algorithmic
Anthony Schmitt Financial Services,AI
Anthony Schmitt Financial Services,CIOs
Anthony Schmitt Financial Services,AI
Anthony Schmitt Financial Services,Blockchain
Anthony Schmitt Financial Services,Banks
Anthony Schmitt Financial Services,Blockchain
Anthony Schmitt Financial Services,fintech
Anthony Schmitt Financial Services,DLT
Anthony Schmitt Financial Services,smartcontracts
Anthony Schmitt Financial Services,Cybersecurity
Anthony Schmitt Financial Services,fintech
Anthony Schmitt Financial Services,insurtech
Anthony Schmitt Financial Services,bank
Anthony Schmitt Financial Services,Banks
Anthony Schmitt Financial Services,Infrastructure
Anthony Schmitt Financial Services,blockchain
Anthony Schmitt Financial Services,fintech
Anthony Schmitt Financial Services,AI
Anthony Schmitt Financial Services,Blockchain
Anthony Schmitt Financial Services,BigDataAnalytics
Anthony Schmitt Financial Services,AI
Anthony Schmitt Financial Services,digital
Anthony Schmitt Financial Services,fintech
Anthony Schmitt Financial Services,Innovation
Anthony Schmitt Financial Services,Fintech
Anthony Schmitt Financial Services,startup
Anthony Schmitt Financial Services,insurtech
Anthony Schmitt Financial Services,Blockchain
Anthony Schmitt Financial Services,fintech
Anthony Schmitt Financial Services,banking
Anthony Schmitt Financial Services,insurtech
Anthony Schmitt Financial Services,healthcare
Anthony Schmitt Financial Services,supplychain
Anthony Schmitt Financial Services,energy
Anthony Schmitt Financial Services,AI
Anthony Schmitt Financial Services,chatbots
Anthony Schmitt Financial Services,digital
Anthony Schmitt Financial Services,fintech
Anthony Schmitt Financial Services,Bitcoin
Anthony Schmitt Financial Services,fintech
Anthony Schmitt Financial Services,blockchain
Anthony Schmitt Financial Services,trading
Anthony Schmitt Financial Services,insurtech
Anthony Schmitt Financial Services,fintech
Anthony Schmitt Financial Services,blockchain
Anthony Schmitt Financial Services,IoT
Anthony Schmitt Financial Services,Automation
Anthony Schmitt Financial Services,PwC
Anthony Schmitt Financial Services,AI
Anthony Schmitt Financial Services,Brands
Anthony Schmitt Financial Services,tech
Anthony Schmitt Financial Services,fintech
Anthony Schmitt Financial Services,digital
Anthony Schmitt Financial Services,Fintech
Anthony Schmitt Financial Services,AI
Anthony Schmitt Financial Services,IoT
Anthony Schmitt Financial Services,IIoT
Anthony Schmitt Financial Services,API
Anthony Schmitt Financial Services,Ethereum
Anthony Schmitt Financial Services,trading
Anthony Schmitt Financial Services,crypto
Anthony Schmitt Financial Services,fintech
Anthony Schmitt Financial Services,blockchain
Anthony Schmitt Financial Services,IPOs
Anthony Schmitt Financial Services,socialnetwork
Anthony Schmitt Financial Services,Bitcoin
Anthony Schmitt Financial Services,Blockchain
Anthony Schmitt Financial Services,Banking
Anthony Schmitt Financial Services,Healthcare
Anthony Schmitt Financial Services,Crypto
Anthony Schmitt Financial Services,Startup
Anthony Schmitt Financial Services,AI
Anthony Schmitt Financial Services,MachineLearning
Anthony Schmitt Financial Services,BigData
Anthony Schmitt Financial Services,TechTrends
Anthony Schmitt Financial Services,banking
Anthony Schmitt Financial Services,AI
Anthony Schmitt Financial Services,tech
Anthony Schmitt Financial Services,bigdata
Anthony Schmitt Financial Services,robotics
Anthony Schmitt Financial Services,AI
Anthony Schmitt Financial Services,Cryptocurrency
Anthony Schmitt Financial Services,VC
Anthony Schmitt Financial Services,Blockchain
Anthony Schmitt Financial Services,ETF
Anthony Schmitt Financial Services,fintech
Anthony Schmitt Financial Services,AI
Anthony Schmitt Financial Services,jobs
Anthony Schmitt Financial Services,tech
Anthony Schmitt Financial Services,SolarPower
Anthony Schmitt Financial Services,Crypto
Anthony Schmitt Financial Services,Mining
Anthony Schmitt Financial Services,Bitcoin
Anthony Schmitt Financial Services,trading
Anthony Schmitt Financial Services,blockchain
Anthony Schmitt Financial Services,fintech
Anthony Schmitt Financial Services,crypto
Anthony Schmitt Financial Services,AI
Anthony Schmitt Financial Services,MachineLearning
Anthony Schmitt Financial Services,DeepLearning
Anthony Schmitt Financial Services,BigData
Anthony Schmitt Financial Services,Banking
Anthony Schmitt Financial Services,Fintech
Anthony Schmitt Financial Services,Automation
Anthony Schmitt Financial Services,AI
Anthony Schmitt Financial Services,IoT
Anthony Schmitt Financial Services,Cryptocurrency
Anthony Schmitt Financial Services,Data
Anthony Schmitt Financial Services,MachineLearning
Anthony Schmitt Financial Services,Cryptocurrency
Anthony Schmitt Financial Services,Japan
Anthony Schmitt Financial Services,banking
Anthony Schmitt Financial Services,fintech
Anthony Schmitt Financial Services,digital
Anthony Schmitt Financial Services,AI
Anthony Schmitt Financial Services,MachineLearning
Anthony Schmitt Financial Services,Crypto
Anthony Schmitt Financial Services,B2B
Anthony Schmitt Financial Services,bank
Anthony Schmitt Financial Services,fintech
Anthony Schmitt Financial Services,SenseTime
Anthony Schmitt Financial Services,AI
Anthony Schmitt Financial Services,AI
Anthony Schmitt Financial Services,India
Anthony Schmitt Financial Services,SEC
Anthony Schmitt Financial Services,ICOs
Anthony Schmitt Financial Services,Banking
Anthony Schmitt Financial Services,DigitalTransformation
Anthony Schmitt Financial Services,crypto
Anthony Schmitt Financial Services,tech
Anthony Schmitt Financial Services,digital
Anthony Schmitt Financial Services,data
Anthony Schmitt Financial Services,business
Anthony Schmitt Financial Services,Blockchain
Anthony Schmitt Financial Services,Diversity
Anthony Schmitt Financial Services,Inclusion
Anthony Schmitt Financial Services,AI
Anthony Schmitt Financial Services,MachineLearning
Anthony Schmitt Financial Services,BigData
Anthony Schmitt Financial Services,TechTrends
Anthony Schmitt Financial Services,Tencent
Anthony Schmitt Financial Services,banking
Anthony Schmitt Financial Services,fintech
Anthony Schmitt Financial Services,millennial
Anthony Schmitt Financial Services,Banks
Anthony Schmitt Financial Services,Automation
Anthony Schmitt Financial Services,AI
Anthony Schmitt Financial Services,Robots
Anthony Schmitt Financial Services,4IR
Anthony Schmitt Financial Services,European
Anthony Schmitt Financial Services,fintech
Anthony Schmitt Financial Services,AML
Anthony Schmitt Financial Services,regulations
Anthony Schmitt Financial Services,GDPR
Anthony Schmitt Financial Services,ICOs
Anthony Schmitt Financial Services,unicorns
Anthony Schmitt Financial Services,China
Anthony Schmitt Financial Services,startups
Anthony Schmitt Financial Services,ICO
Anthony Schmitt Financial Services,Tokens
Anthony Schmitt Financial Services,Cryptocurrencies
Anthony Schmitt Financial Services,Bank
Anthony Schmitt Financial Services,Fintech
Anthony Schmitt Financial Services,Bank
Anthony Schmitt Financial Services,banking
Anthony Schmitt Financial Services,fintech
Anthony Schmitt Financial Services,Swift
Anthony Schmitt Financial Services,fintech
Anthony Schmitt Financial Services,StarbucksCoin
Anthony Schmitt Financial Services,socialnetwork
Anthony Schmitt Financial Services,Cryptocurrency
Anthony Schmitt Financial Services,AI
Anthony Schmitt Financial Services,MachineLearning
Anthony Schmitt Financial Services,VC
Anthony Schmitt Financial Services,Cryptocurrencies
Anthony Schmitt Financial Services,Blockchain
Anthony Schmitt Financial Services,smartcontracts
Anthony Schmitt Financial Services,robot
Anthony Schmitt Financial Services,human
Anthony Schmitt Financial Services,AI
Anthony Schmitt Financial Services,ArtificialIntelligence
Anthony Schmitt Financial Services,Robotics
Anthony Schmitt Financial Services,Robots
Anthony Schmitt Financial Services,MachineLearning
Anthony Schmitt Financial Services,SEC
Anthony Schmitt Financial Services,ICOs
Anthony Schmitt Financial Services,Cryptocurrency
Anthony Schmitt Financial Services,Blockchain
Anthony Schmitt Financial Services,ETF
Anthony Schmitt Financial Services,fintech
Anthony Schmitt Financial Services,Alibaba
Anthony Schmitt Financial Services,ECommerce
Anthony Schmitt Financial Services,Blockchain
Anthony Schmitt Financial Services,IoT
Anthony Schmitt Financial Services,IIoT
Anthony Schmitt Financial Services,fintech
Anthony Schmitt Financial Services,insurtech
Anthony Schmitt Financial Services,bank
Anthony Schmitt Financial Services,HongKong
Anthony Schmitt Financial Services,AI
Anthony Schmitt Financial Services,Startups
Anthony Schmitt Financial Services,API
Anthony Schmitt Financial Services,design
Anthony Schmitt Financial Services,AI
Anthony Schmitt Financial Services,jobs
Anthony Schmitt Financial Services,SolarPower
Anthony Schmitt Financial Services,Crypto
Anthony Schmitt Financial Services,Mining
Anthony Schmitt Financial Services,Germany
Anthony Schmitt Financial Services,tax
Anthony Schmitt Financial Services,bitcoin
Anthony Schmitt Financial Services,cryptocurrency
Anthony Schmitt Financial Services,payment
Anthony Schmitt Financial Services,Blockchain
Anthony Schmitt Financial Services,Startups
Anthony Schmitt Financial Services,technological
Anthony Schmitt Financial Services,innovation
Anthony Schmitt Financial Services,AI
Anthony Schmitt Financial Services,blockchain
My Trading Buddy,Investors
My Trading Buddy,undervalued
My Trading Buddy,stocks
My Trading Buddy,valueinvesting
My Trading Buddy,REITs
My Trading Buddy,Trading
My Trading Buddy,Stocks
My Trading Buddy,Forex
My Trading Buddy,Futures
My Trading Buddy,Stocks
My Trading Buddy,Traders
My Trading Buddy,Twitter
My Trading Buddy,Instagram
My Trading Buddy,Facebook
My Trading Buddy,GooglePlus
My Trading Buddy,FlipBoard
My Trading Buddy,Gold
My Trading Buddy,iPhoneCase
My Trading Buddy,iPhone5s
My Trading Buddy,iPhone7Plus
My Trading Buddy,Stocks
My Trading Buddy,App
My Trading Buddy,iPhone
My Trading Buddy,iPad
My Trading Buddy,Trading
My Trading Buddy,Stocks
My Trading Buddy,Forex
My Trading Buddy,Futures
My Trading Buddy,Traders
My Trading Buddy,Trading
My Trading Buddy,Software
My Trading Buddy,Markets
My Trading Buddy,Stocks
My Trading Buddy,Trading
My Trading Buddy,Trading
My Trading Buddy,Stocks
My Trading Buddy,equities
My Trading Buddy,AI
My Trading Buddy,Stocks
My Trading Buddy,Trading
My Trading Buddy,Webinars
My Trading Buddy,Elliottwave
My Trading Buddy,SwingTrading
My Trading Buddy,Stocks
My Trading Buddy,Futures
My Trading Buddy,Orderflow
My Trading Buddy,Trading
My Trading Buddy,Traders
My Trading Buddy,Blog
My Trading Buddy,Trading
My Trading Buddy,Markets
My Trading Buddy,Forex
My Trading Buddy,Stocks
My Trading Buddy,Trading
My Trading Buddy,Hoodies
My Trading Buddy,Trading
My Trading Buddy,Stocks
My Trading Buddy,Futures
My Trading Buddy,Fx
My Trading Buddy,ETFs
My Trading Buddy,Investing
My Trading Buddy,Trading
My Trading Buddy,Investor
My Trading Buddy,SmartBeta
My Trading Buddy,Investing
My Trading Buddy,Stategy
My Trading Buddy,Trading
My Trading Buddy,ETFs
My Trading Buddy,Trading
My Trading Buddy,Nasdaq
My Trading Buddy,NYSE
My Trading Buddy,AMEX
My Trading Buddy,TSX
My Trading Buddy,Stocks
My Trading Buddy,Stockvaluation
My Trading Buddy,HotStocks
My Trading Buddy,Markets
My Trading Buddy,Trading
My Trading Buddy,Stocks
My Trading Buddy,Fx
My Trading Buddy,Options
My Trading Buddy,Futures
My Trading Buddy,trading
My Trading Buddy,mojo
My Trading Buddy,Mentors
My Trading Buddy,Traders
My Trading Buddy,Forex
My Trading Buddy,Stocks
My Trading Buddy,Options
My Trading Buddy,Futures
My Trading Buddy,Ebooks
My Trading Buddy,Trading
My Trading Buddy,Pschology
My Trading Buddy,Swingtrading
My Trading Buddy,Stocks
My Trading Buddy,Futures
My Trading Buddy,Forex
My Trading Buddy,ElliottWave
My Trading Buddy,Stocks
My Trading Buddy,Traders
My Trading Buddy,Investors
My Trading Buddy,Trading
My Trading Buddy,Markets
My Trading Buddy,Software
My Trading Buddy,Traders
My Trading Buddy,AI
My Trading Buddy,Stocks
My Trading Buddy,Trading
My Trading Buddy,Trading
My Trading Buddy,Trading
My Trading Buddy,Futures
My Trading Buddy,Orderflow
My Trading Buddy,Trading
My Trading Buddy,Traders
My Trading Buddy,Trading
My Trading Buddy,Coffee
My Trading Buddy,TradingDay
My Trading Buddy,Stocks
My Trading Buddy,MultiCharts
My Trading Buddy,ElliottWave
My Trading Buddy,Stocks
My Trading Buddy,Blog
My Trading Buddy,Trading
My Trading Buddy,Markets
My Trading Buddy,Stocks
My Trading Buddy,Traders
My Trading Buddy,AI
My Trading Buddy,Stocks
My Trading Buddy,Trading
My Trading Buddy,Trading
My Trading Buddy,Nasdaq
My Trading Buddy,NYSE
My Trading Buddy,AMEX
My Trading Buddy,TSX
My Trading Buddy,Stocks
My Trading Buddy,Stockvaluation
My Trading Buddy,HotStocks
My Trading Buddy,trading
My Trading Buddy,mojo
My Trading Buddy,Mentors
My Trading Buddy,Investors
My Trading Buddy,Dividend
My Trading Buddy,Stocks
My Trading Buddy,Hedge
My Trading Buddy,Market
My Trading Buddy,Gold
My Trading Buddy,iPhoneCase
My Trading Buddy,iPhone5s
My Trading Buddy,iPhone7Plus
My Trading Buddy,Forex
My Trading Buddy,mtbanalysis
My Trading Buddy,forexsignals
My Trading Buddy,ElliottWave
My Trading Buddy,TradeStation
My Trading Buddy,Trading
My Trading Buddy,Stocks
My Trading Buddy,equities
My Trading Buddy,ElliottWave
My Trading Buddy,Thinkorswim
My Trading Buddy,MovingAverages
My Trading Buddy,Trend
My Trading Buddy,Stocks
My Trading Buddy,Forex
My Trading Buddy,Trading
My Trading Buddy,Fx
My Trading Buddy,stocks
My Trading Buddy,Futures
My Trading Buddy,Options
My Trading Buddy,trading
My Trading Buddy,Investing
My Trading Buddy,Trading
My Trading Buddy,ElliottWave
My Trading Buddy,NinjaTrader
My Trading Buddy,Android
My Trading Buddy,App
My Trading Buddy,Trading
My Trading Buddy,Stocks
My Trading Buddy,Fx
My Trading Buddy,Options
My Trading Buddy,Futures
My Trading Buddy,Trading
My Trading Buddy,Markets
My Trading Buddy,Software
My Trading Buddy,Traders
My Trading Buddy,Stocks
My Trading Buddy,App
My Trading Buddy,iPhone
My Trading Buddy,iPad
My Trading Buddy,Trading
My Trading Buddy,Stocks
My Trading Buddy,Forex
My Trading Buddy,Futures
My Trading Buddy,Stocks
My Trading Buddy,Trading
My Trading Buddy,Stocks
My Trading Buddy,Trading
My Trading Buddy,SocialMedia
My Trading Buddy,Stocks
My Trading Buddy,Earnings
My Trading Buddy,Futures
My Trading Buddy,Markets
My Trading Buddy,Trading
My Trading Buddy,Forex
My Trading Buddy,mtbanalysis
My Trading Buddy,forexsignals
My Trading Buddy,Trading
My Trading Buddy,Stocks
My Trading Buddy,SwingTrading
My Trading Buddy,ElliottWave
My Trading Buddy,Equities
My Trading Buddy,Broker
My Trading Buddy,NYSE
My Trading Buddy,NASDAQ
My Trading Buddy,Stocks
My Trading Buddy,AI
My Trading Buddy,Stocks
My Trading Buddy,Trading
My Trading Buddy,Trading
My Trading Buddy,Trading
My Trading Buddy,Forex
My Trading Buddy,Stocks
My Trading Buddy,Options
My Trading Buddy,ElliottWave
My Trading Buddy,NinjaTrader
My Trading Buddy,Forex
My Trading Buddy,Affiliates
My Trading Buddy,MiFIDII
My Trading Buddy,AI
My Trading Buddy,Stocks
My Trading Buddy,AlgoTrading
My Trading Buddy,Trading
My Trading Buddy,FundamentalAnalysis
My Trading Buddy,Stocks
My Trading Buddy,Investing
My Trading Buddy,Stocks
My Trading Buddy,Stocks
My Trading Buddy,Trading
My Trading Buddy,Stocks
My Trading Buddy,Traders
My Trading Buddy,AI
My Trading Buddy,Trading
My Trading Buddy,Trading
My Trading Buddy,Stocks
My Trading Buddy,Indexes
My Trading Buddy,DarvasBox
My Trading Buddy,Trading
My Trading Buddy,Breakouts
My Trading Buddy,LearnToTrade
My Trading Buddy,Forex
My Trading Buddy,Stocks
My Trading Buddy,futures
My Trading Buddy,options
My Trading Buddy,Markets
My Trading Buddy,Trading
My Trading Buddy,MTBPro
My Trading Buddy,Trading
My Trading Buddy,Trading
My Trading Buddy,Blog
My Trading Buddy,Trading
My Trading Buddy,CrudeOil
My Trading Buddy,Futures
My Trading Buddy,Commodities
My Trading Buddy,Traders
My Trading Buddy,USCrudeOil
My Trading Buddy,Infographic
My Trading Buddy,BITCOIN
My Trading Buddy,CryptoCurrency
My Trading Buddy,Stocks
My Trading Buddy,Forex
My Trading Buddy,Futures
My Trading Buddy,Trading
My Trading Buddy,Thinkorswim
My Trading Buddy,ElliottWave
My Trading Buddy,ValueStocks
My Trading Buddy,undervalued
My Trading Buddy,Stocks
My Trading Buddy,Trading
My Trading Buddy,Stocks
My Trading Buddy,Forex
My Trading Buddy,Stocks
My Trading Buddy,AI
My Trading Buddy,AlgoTrading
My Trading Buddy,Trading
My Trading Buddy,Trading
My Trading Buddy,Markets
My Trading Buddy,Swingtrading
My Trading Buddy,Stocks
My Trading Buddy,Futures
My Trading Buddy,Forex
My Trading Buddy,ElliottWave
My Trading Buddy,Stocks
My Trading Buddy,Traders
My Trading Buddy,Investors
My Trading Buddy,Trading
My Trading Buddy,Forex
My Trading Buddy,ForexSignals
My Trading Buddy,Fx
My Trading Buddy,SocialMedia
My Trading Buddy,Investors
My Trading Buddy,Investment
My Trading Buddy,Stocks
My Trading Buddy,SwingTrading
My Trading Buddy,Stocks
My Trading Buddy,Trading
My Trading Buddy,Futures
My Trading Buddy,Forex
My Trading Buddy,Stocks
My Trading Buddy,ETFs
My Trading Buddy,Software
My Trading Buddy,SwingTrading
My Trading Buddy,Elliottwave
My Trading Buddy,iPhoneCase
My Trading Buddy,iPhone6
My Trading Buddy,iPhone6s
My Trading Buddy,iPhone6sPlus
My Trading Buddy,iPhone7
My Trading Buddy,iPhone7Plus
My Trading Buddy,Trading
My Trading Buddy,Intraday
My Trading Buddy,Stocks
My Trading Buddy,Broker
My Trading Buddy,Stocks
My Trading Buddy,Forex
My Trading Buddy,Futures
My Trading Buddy,Trading
My Trading Buddy,TradeStation
My Trading Buddy,PennyStocks
My Trading Buddy,Stocks
My Trading Buddy,Trading
My Trading Buddy,App
My Trading Buddy,iPhone
My Trading Buddy,Trading
My Trading Buddy,ElliottWave
My Trading Buddy,Forex
My Trading Buddy,Markets
My Trading Buddy,Trading
My Trading Buddy,Stocks
My Trading Buddy,Forex
My Trading Buddy,Options
My Trading Buddy,Futures
My Trading Buddy,Stocks
My Trading Buddy,Traders
My Trading Buddy,Investors
My Trading Buddy,Stocks
My Trading Buddy,Stocks
My Trading Buddy,Swingtrading
My Trading Buddy,Stocks
My Trading Buddy,Futures
My Trading Buddy,Forex
My Trading Buddy,ElliottWave
My Trading Buddy,Trading
My Trading Buddy,Emini
My Trading Buddy,Futures
My Trading Buddy,Traders
My Trading Buddy,Brokers
My Trading Buddy,SocialMedia
My Trading Buddy,Forex
My Trading Buddy,Trading
My Trading Buddy,FundamentalAnalysis
My Trading Buddy,Stocks
My Trading Buddy,Investing
My Trading Buddy,Commodities
My Trading Buddy,Currencies
My Trading Buddy,mtbanalysis
My Trading Buddy,Stochastic
My Trading Buddy,Trading
My Trading Buddy,Traders
My Trading Buddy,Trading
My Trading Buddy,DayTrading
My Trading Buddy,Stocks
My Trading Buddy,markets
My Trading Buddy,Trading
My Trading Buddy,AI
My Trading Buddy,Stocks
My Trading Buddy,App
My Trading Buddy,iPhone
My Trading Buddy,Options
My Trading Buddy,Traders
My Trading Buddy,Trading
My Trading Buddy,Emini
My Trading Buddy,Futures
My Trading Buddy,Trading
My Trading Buddy,Investors
My Trading Buddy,Traders
My Trading Buddy,Stocks
My Trading Buddy,Traders
My Trading Buddy,Trading
My Trading Buddy,mojo
My Trading Buddy,Options
My Trading Buddy,Forex
My Trading Buddy,Futures
My Trading Buddy,FAQs
My Trading Buddy,Investment
My Trading Buddy,Investing
My Trading Buddy,Futures
My Trading Buddy,Trading
My Trading Buddy,TRADING
My Trading Buddy,Orderflow
My Trading Buddy,Futures
My Trading Buddy,Commodities
My Trading Buddy,Traders
My Trading Buddy,Investors
My Trading Buddy,Crude
My Trading Buddy,Trading
My Trading Buddy,blog
My Trading Buddy,Traders
My Trading Buddy,Trading
My Trading Buddy,NYSE
My Trading Buddy,NASDAQ
My Trading Buddy,Stocks
My Trading Buddy,ETFs
My Trading Buddy,Broker
My Trading Buddy,Stocks
My Trading Buddy,Swingtrading
My Trading Buddy,Stocks
My Trading Buddy,Forex
My Trading Buddy,Traders
My Trading Buddy,Trading
My Trading Buddy,Trading
My Trading Buddy,Emini
My Trading Buddy,Futures
My Trading Buddy,Trading
My Trading Buddy,Trading
My Trading Buddy,Investing
My Trading Buddy,Trading
My Trading Buddy,Stocks
My Trading Buddy,Swingtrading
My Trading Buddy,Signals
My Trading Buddy,Stocks
My Trading Buddy,SwingTrading
My Trading Buddy,Forex
My Trading Buddy,mtbanalysis
My Trading Buddy,forexsignals
My Trading Buddy,Traders
My Trading Buddy,Stocks
My Trading Buddy,Options
My Trading Buddy,Nasdaq
My Trading Buddy,Stocks
My Trading Buddy,DAYTRADING
My Trading Buddy,Stocks
My Trading Buddy,Trading
My Trading Buddy,Trading
My Trading Buddy,iPhonecase
My Trading Buddy,iPhone6s
My Trading Buddy,Traders
My Trading Buddy,Trading
My Trading Buddy,Investors
My Trading Buddy,Cryptocurrency
My Trading Buddy,ICO
My Trading Buddy,Trading
My Trading Buddy,Investors
My Trading Buddy,REITs
My Trading Buddy,Trading
My Trading Buddy,Emini
My Trading Buddy,Futures
My Trading Buddy,Trading
My Trading Buddy,Stocks
My Trading Buddy,App
My Trading Buddy,Android
My Trading Buddy,Bonds
My Trading Buddy,Commodities
My Trading Buddy,Markets
My Trading Buddy,Trading
My Trading Buddy,Stocks
My Trading Buddy,Fx
My Trading Buddy,Options
My Trading Buddy,Futures
My Trading Buddy,Stocks
My Trading Buddy,Stocks
My Trading Buddy,tradeth5th
My Trading Buddy,SwingTrading
My Trading Buddy,ElliottWave
My Trading Buddy,NinjaTrader
My Trading Buddy,trading
My Trading Buddy,Stocks
My Trading Buddy,Traders
My Trading Buddy,Twitter
My Trading Buddy,Instagram
My Trading Buddy,Facebook
My Trading Buddy,GooglePlus
My Trading Buddy,FlipBoard
My Trading Buddy,PlayBook
My Trading Buddy,Trading
My Trading Buddy,Emini
My Trading Buddy,Futures
My Trading Buddy,Trading
My Trading Buddy,Stocks
My Trading Buddy,FundamentalAnalysis
My Trading Buddy,Dividend
My Trading Buddy,Stocks
My Trading Buddy,Market
My Trading Buddy,trading
My Trading Buddy,Investing
My Trading Buddy,Trading
My Trading Buddy,Traders
My Trading Buddy,Forex
My Trading Buddy,Commodities
My Trading Buddy,Stocks
My Trading Buddy,Trading
My Trading Buddy,Shorts
My Trading Buddy,Equities
My Trading Buddy,ETFs
My Trading Buddy,stocks
My Trading Buddy,Trading
My Trading Buddy,Trades
My Trading Buddy,Stocks
My Trading Buddy,Investors
My Trading Buddy,RenewableEnergy
My Trading Buddy,investing
My Trading Buddy,Trading
My Trading Buddy,Blog
My Trading Buddy,Trading
My Trading Buddy,Crude
My Trading Buddy,Futures
My Trading Buddy,Trading
My Trading Buddy,Futures
My Trading Buddy,Forex
My Trading Buddy,Stocks
My Trading Buddy,Trading
My Trading Buddy,Traders
My Trading Buddy,Stocks
My Trading Buddy,Traders
My Trading Buddy,IPOs
My Trading Buddy,Investors
My Trading Buddy,FAQs
My Trading Buddy,Investors
My Trading Buddy,investmnt
My Trading Buddy,DayTrading
My Trading Buddy,App
My Trading Buddy,iPhone
My Trading Buddy,Stocks
My Trading Buddy,Trending
My Trading Buddy,Trading
My Trading Buddy,Stocks
My Trading Buddy,Forex
My Trading Buddy,Futures
My Trading Buddy,Software
My Trading Buddy,Breakout
My Trading Buddy,Stocks
My Trading Buddy,Indexes
My Trading Buddy,Traders
My Trading Buddy,DarvasBox
My Trading Buddy,Trading
My Trading Buddy,Stocks
My Trading Buddy,Swingtrading
My Trading Buddy,Trading
My Trading Buddy,Stocks
My Trading Buddy,Forex
My Trading Buddy,Futures
My Trading Buddy,Traders
My Trading Buddy,Stocks
My Trading Buddy,Traders
My Trading Buddy,Investors
My Trading Buddy,economic
My Trading Buddy,Markets
My Trading Buddy,Stocks
My Trading Buddy,Broker
My Trading Buddy,Intraday
My Trading Buddy,DayTrading
My Trading Buddy,Investors
My Trading Buddy,Cryptocurrency
My Trading Buddy,ICO
My Trading Buddy,mtbanalysis
My Trading Buddy,Trading
My Trading Buddy,Markets
My Trading Buddy,Stocks
My Trading Buddy,SwingTrading
My Trading Buddy,Investors
My Trading Buddy,Fintech
My Trading Buddy,GlobalMarkets
My Trading Buddy,Stocks
My Trading Buddy,Forex
My Trading Buddy,Futures
My Trading Buddy,Trading
My Trading Buddy,NinjaTrader
My Trading Buddy,stocks
My Trading Buddy,fx
My Trading Buddy,options
My Trading Buddy,futures
My Trading Buddy,Traders
My Trading Buddy,Trading
My Trading Buddy,MultiCharts
My Trading Buddy,ElliottWave
My Trading Buddy,Traders
My Trading Buddy,tradinghacker
My Trading Buddy,Commodities
My Trading Buddy,Currencies
My Trading Buddy,mtbanalysis
My Trading Buddy,Trading
My Trading Buddy,Investors
My Trading Buddy,undervalued
My Trading Buddy,stocks
My Trading Buddy,valueinvesting
My Trading Buddy,REITs
My Trading Buddy,Stocks
My Trading Buddy,SwingTrading
My Trading Buddy,Trading
My Trading Buddy,Stocks
My Trading Buddy,Traders
My Trading Buddy,Investment
My Trading Buddy,DayTrading
My Trading Buddy,AI
My Trading Buddy,Swingtrading
My Trading Buddy,Stocks
My Trading Buddy,Futures
My Trading Buddy,Forex
My Trading Buddy,ElliottWave
My Trading Buddy,Stocks
My Trading Buddy,NYSE
My Trading Buddy,Investors
My Trading Buddy,Trading
My Trading Buddy,Options
My Trading Buddy,Forex
My Trading Buddy,Futures
My Trading Buddy,Indexes
My Trading Buddy,ContentMarketing
My Trading Buddy,Broker
My Trading Buddy,Trading
My Trading Buddy,Trading
My Trading Buddy,Trading
My Trading Buddy,TradingDay
My Trading Buddy,Trading
My Trading Buddy,Forex
My Trading Buddy,Stocks
My Trading Buddy,Newspaper
My Trading Buddy,ValueInvestor
My Trading Buddy,Stocks
My Trading Buddy,FundamentalAnalysis
My Trading Buddy,equities
My Trading Buddy,Stocks
My Trading Buddy,SwingTrading
My Trading Buddy,Stocks
My Trading Buddy,Traders
My Trading Buddy,Trading
My Trading Buddy,Trading
My Trading Buddy,Stocks
My Trading Buddy,Futures
My Trading Buddy,Forex
My Trading Buddy,ETFs
My Trading Buddy,MACD
My Trading Buddy,Stochastic
My Trading Buddy,RSI
My Trading Buddy,Investors
My Trading Buddy,Alpha
My Trading Buddy,Funds
My Trading Buddy,Traders
My Trading Buddy,NYSE
My Trading Buddy,NASDAQ
My Trading Buddy,Stocks
My Trading Buddy,Trading
My Trading Buddy,Equities
My Trading Buddy,Broker
My Trading Buddy,Stocks
My Trading Buddy,Trading
My Trading Buddy,Charts
My Trading Buddy,Nasdaq
My Trading Buddy,AlgoTrading
My Trading Buddy,Stocks
My Trading Buddy,Traders
My Trading Buddy,Trading
My Trading Buddy,Forex
My Trading Buddy,Commodities
My Trading Buddy,mtbanalysis
My Trading Buddy,Entrepeneurs
My Trading Buddy,Trading
My Trading Buddy,Investing
TV_Trading Ideas,BTC
TV_Trading Ideas,BTCUSD
TV_Trading Ideas,TradeSense
TV_Trading Ideas,ARN
TV_Trading Ideas,NEO
TV_Trading Ideas,venbtc
TV_Trading Ideas,NEM
TV_Trading Ideas,XEMBTC
TV_Trading Ideas,XEM
TV_Trading Ideas,NQ
TV_Trading Ideas,XMGBTC
TV_Trading Ideas,NQ
TV_Trading Ideas,ETC
TV_Trading Ideas,Biotech
TV_Trading Ideas,Biotech
TV_Trading Ideas,Premarket
TV_Trading Ideas,BTC
TV_Trading Ideas,Earnings
TV_Trading Ideas,Premarket
TV_Trading Ideas,BTC
TV_Trading Ideas,NEM
TV_Trading Ideas,XEM
TV_Trading Ideas,binance
TV_Trading Ideas,e
TV_Trading Ideas,Capture
TV_Trading Ideas,VEN
TV_Trading Ideas,venbtc
TV_Trading Ideas,BTCUSD
TV_Trading Ideas,LSKUSD
TV_Trading Ideas,tuclk
TV_Trading Ideas,XRPUSD
TV_Trading Ideas,XRPUSD
TV_Trading Ideas,GVT
TV_Trading Ideas,GVTBTC
TV_Trading Ideas,ETC
TV_Trading Ideas,BTCETC
TV_Trading Ideas,sys
TV_Trading Ideas,btcsys
TV_Trading Ideas,STRAT
TV_Trading Ideas,STRATBTC
TV_Trading Ideas,STRAT
TV_Trading Ideas,STRATBTC
