User,Mentions
Bon Appétit,Basically
Bon Appétit,Basically
Bon Appétit,Healthyish
Bon Appétit,Yara shahidi
The New Food Economy,Nina Sparling
Civil Eats,One Zest
Civil Eats,Civil Eats
Civil Eats,Food & Wine
Civil Eats,Korsha Wilson
Civil Eats,Civil Eats
Civil Eats,ruthreichl
Civil Eats,Dan Barber
Civil Eats,Nancy Matsumoto
Civil Eats,Civil Eats
Civil Eats,U.S. EPA
Serious Eats,Vilcek Foundation
Food & Wine,alison roman
epicurious,Mark Bittman
The New York Times,Sapna Maheshwari
The New York Times,NYT Opinion
The New York Times,Maggie Haberman
The New York Times,Neil Irwin
The New York Times,Michael M. Grynbaum
The New York Times,NYT Politics
The New York Times,Amy Fiscus
The New York Times,Sam Sifton
The New York Times,The Upshot
The New York Times,NYT National News
The New York Times,NYT Food
The New York Times,NYT Business
The New York Times,NYT Opinion
The New York Times,Nicholas Fandos
The New York Times,NYT Climate
The New York Times,Jason Horowitz
The New York Times,Karen Yourish
The New York Times,Bret Stephens
The New York Times,New York Times World
The New York Times,New York Times World
The New York Times,New York Times World
The New York Times,rickgladstone
The New York Times,Michael Cooper
The New York Times,Metropolitan Opera
NBC News,NBC News MACH
NBC News,NBC Left Field
NBC News,NBC News THINK
NBC News,NBC Nightly News with Lester Holt
NBC News,NBC
NBC News,NBCNewsBETTER
NBC News,NBCBLK
NBC News,Jacob Soboroff
NBC News,Megyn Kelly
NBC News,NBC News THINK
NBC News,lindsey vonn
NBC News,NBC News THINK
NBC News,NBC Politics
NBC News,NBC News
NBC News,NBC News
NBC News,NBC News
NBC News,Meet the Press
NBC News,Chuck Todd
NBC News,MSNBC
NBC News,Condoleezza Rice
NBC News,Meet the Press
NBC News,NBC Politics
NBC News,NBC Politics
NBC News,NBCNewsBETTER
NBC News,NBC Politics
NBC News,NBC News
NBC News,NBC Politics
NBC News,NBC News Pictures
NBC News,NBC Latino
NBC News,NBC News MACH
NBC News,WGRZ
NBC News,NBC Out
NBC News,NBC Politics
NBC News,MSNBC
NBC News,NBC Politics
NBC News,NBC Out
NBC News,Jim Rainey
NBC News,Savannah Sellers
NBC News,NBC News First Read
NBC News,NBC News
NBC News,NBC News
NBC News,TODAY
NBC News,NBC News THINK
CNN,Anderson Cooper 360°
CNN,Anderson Cooper 360°
CNN,CNN Politics
CNN,CNN Politics
CNN,CNN Weather Center
CNN,CNN Newsroom
CNN,Chris Cillizza
CNN,CNN Politics
CNN,New Day
CNN,CNN Opinion
CNN,CNN Opinion
CNN,Stephen Collinson
Washington Post,Dan Lamothe
Washington Post,Rick Noack
Washington Post,Josh Dawsey
Washington Post,ErikWemple
Washington Post,Dan Steinberg
Washington Post,Post Opinions
Washington Post,Jonathan Capehart
Washington Post,Post World
Washington Post,Maura Judkis
Washington Post,Post Opinions
Washington Post,Molly Roberts
Washington Post,Alexandra Petri
BBC News (World),James Cook
BBC News (World),BBC Breaking News
BBC News (World),BBC Breaking News
BBC News (World),BBC News Graphics
BBC News (World),Steve Rosenberg
BBC News (World),Sally Bundock
The Wall Street Journal,FrenchetteRestaurant
The Wall Street Journal,WSJ Custom Studios
The Wall Street Journal,Dan Neil
The Wall Street Journal,Jeep
The Wall Street Journal,Gerard Baker
The Wall Street Journal,Yaroslav Trofimov
The Wall Street Journal,Simon Nixon
Fox News,GregGutfeld
Fox News,Sarah Sanders
Fox News,President Trump
Fox News,Jack Keane
Fox News,Marcy Kaptur
Fox News,Chuck Schumer
Fox News,Reince Priebus
Fox News,Jason Chaffetz
Fox News,Judge Napolitano
Fox News,President Trump
Fox News,President Trump
Fox News,Donald J. Trump
Fox News,Sean Duffy
Fox News,Rep. Arrington
Fox News,Blue Angels
Fox News,Martha MacCallum
Fox News,FOX Business
Fox News,Mo Elleithee
Fox News,Katie Pavlich
Fox News,Donald J. Trump
Fox News,Donald J. Trump
Fox News,Senator Ben Sasse
Fox News,President Trump
Fox News,Senator Ben Sasse
Fox News,President Trump
Fox News,Ben Sasse
Fox News,President Trump
Fox News,Donald J. Trump
Fox News,John Roberts
Fox News,GregGutfeld
Fox News,YellowstoneNPS
Fox News,Sarah Sanders
Fox News,President Trump
Fox News,Jesse Watters
Fox News,Newt Gingrich
Fox News,LACOSTE
Fox News,Pizza Hut
Fox News,Rep. Kevin Brady
Fox News,Ari Fleischer
Fox News,President Trump
Fox News,Donald J. Trump
Fox News,FOX Business
Fox News,President Trump
Fox News,Brooke Singman
Fox News,FOX Business
Fox News,Melania Trump
Fox News,Dr. Robert Jeffress
Fox News,Donald J. Trump
Fox News,Stephen Hayes
Fox News,President Trump
Fox News,President Trump
Fox News,President Trump
Fox News,President Trump
Fox News,President Trump
Fox News,Donald J. Trump
Fox News,Sarah Sanders
Fox News,Sarah Sanders
Fox News,President Trump
Fox News,Sarah Sanders
Fox News,President Trump
Fox News,Sarah Sanders
Fox News,Ben Carson
Fox News,Sarah Sanders
Fox News,President Trump
Fox News,Sarah Sanders
Fox News,Donald J. Trump
Fox News,US Labor Department
Fox News,David Bossie
Fox News,FOX Business
Fox News,President Trump
Fox News,FOX Business
Fox News,President Trump
Fox News,FOX Business
Fox News,President Trump
Fox News,FOX Business
Fox News,President Trump
Fox News,FOX Business
Fox News,President Trump
Fox News,Dana Loesch
Fox News,President Trump
Fox News,Newt Gingrich
Fox News,Judge Napolitano
Fox News,Melania Trump
Fox News,Marco Rubio
Fox News,FOX Business
Fox News,FOX Business
Fox News,Laura Bush
Fox News,Casey Stegall
Fox News,President Trump
Fox News,Rep. Jim Jordan
Fox News,The White House
Fox News,Dr. Robert Jeffress
Fox News,Fox News Opinion
Fox News,David Bossie
Fox News,President Trump
Fox News,Doug Schoen
Fox News,Laura Bush
Fox News,Donald J. Trump
Fox News,Rep. Steve Scalise
Fox News,Brooke Singman
Fox News,Senator Joe Manchin
Fox News,Pizza Hut
Fox News,FOX Business
Fox News,Sasha Savitsky
Fox News,Judge Napolitano
Fox News,FOX Business
Fox News,FOX Business
Fox News,FOX Business
Fox News,FOX Business
Fox News,Barbra Streisand
Fox News,Hillary Clinton
Fox News,Kellyanne Conway
Fox News,Kellyanne Conway
Fox News,Tammy Bruce
Fox News,Travis Fedschun
Fox News,Senator Pat Toomey
Fox News,NRA
Fox News,Christopher Carbone
Fox News,Brian Kilmeade
Fox News,U.S. Marines
Fox News,Fox News Opinion
Fox News,FOX & friends
Fox News,Christopher Carbone
Fox News,President Trump
Fox News,FOX & friends
Fox News,U.S. Air Force
Fox News,Sadie Robertson
Fox News,Fox News Opinion
Fox News,Max Lucado
Fox News,Fox News Opinion
Fox News,Steve Daines
Fox News,Steve Daines
Fox News,Dr. Roger Marshall
Fox News,Fox News Opinion
Fox News,President Trump
Fox News,President Trump
Fox News,Donald J. Trump
Fox News,President Trump
Fox News,amy walter
Fox News,Donald J. Trump
Fox News,Walmart
Fox News,President Trump
Fox News,Paul Ryan
Fox News,Donald J. Trump
Fox News,Ron DeSantis
Fox News,President Trump
Fox News,President Trump
Fox News,Karl Rove
Fox News,The White House
Fox News,Donald J. Trump
Fox News,Patrick McHenry
Fox News,President Trump
Fox News,Donald J. Trump
Fox News,Melania Trump
Fox News,President Trump
Fox News,Brit Hume
Fox News,Donald J. Trump
Fox News,President Trump
Fox News,Tom Bevan
Fox News,President Trump
Fox News,Tomi Lahren
ABC News,ABC News
ABC News,Nightline
ABC News,Oprah Winfrey
ABC News,Nightline
ABC News,Juju Chang
ABC News,World News Tonight
ABC News,David Muir
ABC News,Cecilia Vega
ABC News,Sarah Sanders
ABC News,ABC News Politics
ABC News,ABC News
ABC News,Cecilia Vega
ABC News,Sarah Sanders
ABC News,The View
ABC News,Good Morning America
ABC News,Good Morning America
ABC News,Dwayne Johnson
ABC News,Jimmy Kimmel
ABC News,Tiffany Haddish
ABC News,Good Morning America
ABC News,Rebecca Jarvis
ABC News,Good Morning America
ABC News,Terry Moran
ABC News,Good Morning America
ABC News,Cecilia Vega
Reuters Top News,ReutersBreakingviews
Reuters Top News,ClaraFerreiraMarques
Reuters Top News,Reuters TV
Reuters Top News,ReutersBreakingviews
Reuters Top News,Jim Drury
Reuters Top News,ReutersBreakingviews
Reuters Top News,Douglas Busvine
Reuters Top News,Jim Drury
Reuters Top News,Reuters TV
Reuters Top News,Douglas Busvine
Reuters Top News,ReutersBreakingviews
Reuters Top News,Douglas Busvine
Reuters Top News,Jim Drury
Reuters Top News,Reuters TV
Reuters Top News,ReutersBreakingviews
Reuters Top News,Reuters Showbiz
Reuters Top News,Reuters Showbiz
Reuters Top News,Reuters TV
Reuters Top News,Reuters TV
Reuters Top News,Reuters TV
Reuters Top News,Reuters TV
Reuters Top News,Reuters Opinion
Reuters Top News,Reuters TV
Reuters Top News,Conway G. Gittens
Reuters Top News,Rob Cox
Reuters Top News,Reuters Politics
Reuters Top News,ReutersBreakingviews
Reuters Top News,Reuters TV
Reuters Top News,Reuters TV
Reuters Top News,Reuters TV
Reuters Top News,Jarrett Renshaw
Reuters Top News,Jim Drury
Reuters Top News,Reuters TV
Reuters Top News,Reuters Business
Reuters Top News,Reuters TV
Reuters Top News,Reuters Business
Reuters Top News,Reuters Showbiz
Reuters Top News,Reuters TV
Reuters Top News,Reuters TV
Reuters Top News,Brad Brooks
Reuters Top News,Reuters TV
Reuters Top News,Reuters TV
Reuters Top News,Reuters TV
Reuters Top News,Reuters TV
Reuters Top News,Reuters Business
Reuters Top News,Reuters Pakistan
Reuters Top News,Reuters TV
Reuters Top News,Reuters Top News
Reuters Top News,Reuters TV
Reuters Top News,Reuters TV
Reuters Top News,Ben Hirschler
Reuters Top News,Reuters TV
Reuters Top News,Reuters TV
Reuters Top News,Reuters TV
Reuters Top News,Reuters TV
Reuters Top News,Reuters TV
Reuters Top News,Ben Hirschler
Reuters Top News,ReutersBreakingviews
Reuters Top News,ClaraFerreiraMarques
Reuters Top News,Reuters TV
Reuters Top News,Reuters TV
Reuters Top News,Reuters TV
Reuters Top News,ReutersBreakingviews
Reuters Top News,Reuters TV
Reuters Top News,Reuters India
Reuters Top News,ReutersBreakingviews
EL PAÍS,"MoMA, the Museum of Modern Art"
EL PAÍS,RicardoAnayaC
EL PAÍS,Kiko Llaneras
EL PAÍS,Materia
EL PAÍS,Antonio Navalón
EL PAÍS,Mauricio Macri
EL PAÍS,El Espectador
EL PAÍS,luis beauregard
EL PAÍS,Jan Martínez Ahrens
EL PAÍS,Fotografía EL PAÍS
EL PAÍS,Jan Martínez Ahrens
EL PAÍS,pedro gorospe
EL PAÍS,EL PAÍS
EL PAÍS,Fotografía EL PAÍS
EL PAÍS,David Alandete
EL PAÍS,Daniel Verdú
EL PAÍS,David Alandete
EL PAÍS,Fotografía EL PAÍS
EL PAÍS,Quinta Temporada
EL PAÍS,Óscar López Fonseca
EL PAÍS,Fotografía EL PAÍS
EL PAÍS,EL PAÍS Inter
EL PAÍS,verne
EL PAÍS,EL PAÍS Deportes
EL PAÍS,El Correo
EL PAÍS,Partido Popular ??
EL PAÍS,El País in English
EL PAÍS,EL PAÍS España
EL PAÍS,S Moda
EL PAÍS,EL PAÍS Deportes
EL PAÍS,Óscar Gutiérrez
EL PAÍS,BuenaVida
EL PAÍS,EL PAÍS Madrid
EL PAÍS,Guía del Ocio
EL PAÍS,Victoria Torres B.
EL PAÍS,verne
EL PAÍS,Quinta Temporada
EL PAÍS,El País Gente
EL PAÍS,El Comidista
EL PAÍS,Raquel Bernácer
EL PAÍS,Cinco Días
EL PAÍS,EL PAÍS Blogs
EL PAÍS,Aprendemos Juntos
EL PAÍS,Fotografía EL PAÍS
EL PAÍS,El País Gente
EL PAÍS,Quinta Temporada
EL PAÍS,S Moda
EL PAÍS,verne
EL PAÍS,Tentaciones
EL PAÍS,Fotografía EL PAÍS
EL PAÍS,Fernando Navarro
EL PAÍS,EL PAÍS Madrid
EL PAÍS,EL PAÍS Tecnología
EL PAÍS,Fotografía EL PAÍS
EL PAÍS,Rozalén
EL PAÍS,EL PAÍS RETINA
EL PAÍS,verne
EL PAÍS,EL PAÍS España
EL PAÍS,El País Televisión
EL PAÍS,Natalia Marcos
EL PAÍS,El Comidista
EL PAÍS,Aitor Sánchez García
EL PAÍS,Eneko Ruiz Jiménez
EL PAÍS,Natalia Marcos
EL PAÍS,EL PAÍS RETINA
EL PAÍS,Quinta Temporada
EL PAÍS,El País Opinión
EL PAÍS,ICON EL PAÍS
EL PAÍS,Cinco Días
EL PAÍS,Tentaciones
EL PAÍS,Materia
EL PAÍS,Daniel Verdú
EL PAÍS,EL PAÍS Tecnología
EL PAÍS,Javier Casqueiro
EL PAÍS,S Moda
ABC.es,Hermann Tertsch
ABC.es,Rodrigo Muñoz
ABC.es,ABC KIOSKO Y MAS
ABC.es,Helena de la Casa
ABC.es,Alex Jiménez
ABC.es,Judith de Jorge
ABC.es,ABC Deportes
ABC.es,Bieito Rubido
ABC.es,Giuseppe Tringali
ABC.es,Mariano Calleja
ABC.es,Jose María Nieto
ABC.es,Ignacio S. Calleja
ABC.es,Tatiana G. Rivas
ABC.es,Federico Marín
ABC.es,?? Play Series
ABC.es,ABC Deportes
ABC.es,JP Quiñonero
ABC.es,El astrolabio
ABC.es,Bieito Rubido
ABC.es,Helena de la Casa
ABC.es,José Manuel Puebla
ABC.es,abc_madrid
ABC.es,ABC_Galicia
ABC.es,El astrolabio
ABC.es,Bieito Rubido
ABC.es,Esteban Villarejo
ABC.es,Josefina G. Stegmann
ABC.es,abc_madrid
ABC.es,Laura Peraita
ABC.es,César Cervera M.
ABC.es,Luis Cano
ABC.es,Pedro Gargantilla
ABC.es,Hermann Tertsch
ABC.es,Isabel Miranda
antena 3,CasadosAPrimeraVista
antena 3,CasadosAPrimeraVista
antena 3,Amar Es Para Siempre
antena 3,Nuria Gago
antena 3,CasadosAPrimeraVista
antena 3,Jorge Marrón Martín
antena 3,El Hormiguero
antena 3,CasadosAPrimeraVista
antena 3,CasadosAPrimeraVista
antena 3,CasadosAPrimeraVista
antena 3,CasadosAPrimeraVista
antena 3,TuCaraMeSuena
antena 3,ROKO
antena 3,Líopardo
antena 3,CasadosAPrimeraVista
antena 3,Atresplayer
antena 3,marta hazas
antena 3,Santiago Segura
antena 3,El Hormiguero
antena 3,El Hormiguero
antena 3,Atresmedia Cine
antena 3,El Hormiguero
antena 3,Fariña
antena 3,Antena3Noticias
antena 3,Santiago Segura
antena 3,Atresmedia Cine
antena 3,Hazte Eco
antena 3,Celebrities
antena 3,El Hormiguero
antena 3,Se Estrena
antena 3,Fariña
antena 3,El Hormiguero
antena 3,Santiago Segura
antena 3,Antena3Noticias
antena 3,Celebrities
antena 3,Antena3Noticias
antena 3,Antena3Noticias
antena 3,Celebrities
antena 3,Fariña
antena 3,Se Estrena
antena 3,Onda Cero
antena 3,Fariña
antena 3,guiainfantil.com
antena 3,Fariña
antena 3,Atresmedia Cine
antena 3,Santiago Segura
antena 3,Celebrities
antena 3,Celebrities
antena 3,Antena3Noticias
antena 3,El Barco
antena 3,Celebrities
antena 3,Líopardo
antena 3,objetivotv
antena 3,Neox
antena 3,objetivotv
antena 3,Nova
antena 3,objetivotv
antena 3,MegaTDT
antena 3,El Chiringuito TV
antena 3,Josep Pedrerol
antena 3,viajestic
antena 3,objetivotv
antena 3,Atreseries
antena 3,objetivotv
antena 3,objetivotv
antena 3,antena 3
antena 3,Fariña
antena 3,objetivotv
antena 3,Espejo Público
antena 3,objetivotv
antena 3,Cuerpo de élite
antena 3,objetivotv
antena 3,Fariña
antena 3,objetivotv
antena 3,antena 3
antena 3,Champions Total
antena 3,objetivotv
antena 3,El Hormiguero
antena 3,objetivotv
antena 3,TuCaraMeSuena
antena 3,objetivotv
antena 3,¡Ahora Caigo!
antena 3,¡Boom!
antena 3,objetivotv
antena 3,Karlos Arguiñano
antena 3,Ruleta de la Suerte
antena 3,Centímetros Cúbicos
antena 3,Antena3Noticias
antena 3,guiainfantil.com
antena 3,Flooxer
antena 3,Premios MIN
antena 3,Celebrities
antena 3,Celebrities
antena 3,MegaTDT
antena 3,Fariña
antena 3,Champions Total
antena 3,objetivotv
antena 3,antena 3
antena 3,objetivotv
antena 3,Celebrities
antena 3,Neox Games
antena 3,Antena3Noticias
antena 3,Líopardo
antena 3,CasadosAPrimeraVista
antena 3,Atresmedia Cine
antena 3,Antena3Noticias
antena 3,El Sextante
antena 3,Antena3Noticias
antena 3,Fariña
antena 3,Antena3Noticias
antena 3,Antena3Noticias
antena 3,objetivotv
antena 3,¡Boom!
antena 3,objetivotv
antena 3,Ruleta de la Suerte
antena 3,objetivotv
antena 3,Fariña
antena 3,antena 3
antena 3,objetivotv
antena 3,objetivotv
antena 3,Fariña
antena 3,objetivotv
antena 3,El Hormiguero
antena 3,Atresmedia Cine
antena 3,Santiago Segura
antena 3,objetivotv
antena 3,¡Boom!
antena 3,objetivotv
antena 3,Ruleta de la Suerte
antena 3,objetivotv
antena 3,Antena3Noticias
antena 3,Vicente Vallés
antena 3,objetivotv
antena 3,Espejo Público
antena 3,objetivotv
antena 3,Antena3Noticias
antena 3,Sandra Golpe
antena 3,objetivotv
antena 3,El Hormiguero
antena 3,objetivotv
antena 3,Fariña
Noticias Cuatro,Óscar Díaz de Liaño
Noticias Cuatro,Miguel Angel Oliver
Noticias Cuatro,almudena gomez
Noticias Cuatro,Carme Chaparro
Noticias Cuatro,Lidia Camón
Noticias Cuatro,Gabriel Cruz
Noticias Cuatro,M Aguirregomezcorta
Noticias Cuatro,Beatriz García
Noticias Cuatro,Patricia Pereda
Noticias Cuatro,Carme Chaparro
Noticias Cuatro,Cassandra Vera
Noticias Cuatro,Carme Chaparro
Noticias Cuatro,El programa de AR
Noticias Cuatro,El programa de AR
Noticias Cuatro,Javier García-Prieto
24h,Instituto Cervantes
24h,24h
24h,Telediarios de TVE
24h,Donald J. Trump
24h,Sandra Castells
24h,Ana Martín
24h,Donald J. Trump
24h,Alvaro Zancajo
24h,Carmen Romero
24h,Fundación Aprender
24h,La noche en 24 horas
24h,Sofía Castañón
24h,PODEMOS
24h,Deportes en Zona Mixta
24h,Deportes en Zona Mixta
24h,José Luis Toral
24h,La noche en 24 horas
24h,Esther Esteban
24h,Emilio de Andrés
24h,José Hervas
24h,Deportes en Zona Mixta
24h,Telediarios de TVE
24h,Emilio de Andrés
24h,Ana Belén Roy
24h,Telediarios de TVE
24h,Daniel Galindo
24h,Mariano Rajoy Brey
24h,Telediarios de TVE
24h,Telediarios de TVE
24h,Pilar García Muñiz
24h,silvia guerra
24h,24h
24h,Érika Reija
24h,Carlos Carrizosa
24h,francesca Campoy
24h,ANGELES BRAVO
24h,Desaparecidos (TVE)
24h,ANGELES BRAVO
24h,Ciudadanos
24h,Juan
24h,Xavier García Albiol
24h,Inés Arrimadas
24h,Inés Arrimadas
24h,Guardia Civil
24h,Lara Siscar
24h,Álex Barreiro
24h,Instituto Cervantes
24h,24h
24h,Instituto Cervantes
24h,Instituto Cervantes
Ecos,Vilariño
Ecos,Miguel Quintana
Ecos,Abel Rojas
Ecos,Abel Rojas
Ecos,Alejandro Arroyo
Ecos,Julián ?arpintero
Ecos,Ecos
Ecos,Abel Rojas
Ecos,Alejandro Arroyo
Ecos,Miguel Quintana
Ecos,Fernando Mesa
Ecos,Ecos
Ecos,Fernando Ajenjo
Ecos,Abel Rojas
Ecos,Miguel Quintana
Ecos,Alejandro Arroyo
Ecos,Miguel Quintana
Ecos,Abel Rojas
Ecos,Abel Rojas
Ecos,Abel Rojas
Ecos,Abel Rojas
Ecos,Mavid Data
Ecos,Some
Ecos,Abel Rojas
Ecos,Javier Alberdi
Ecos,Abel Rojas
Baseball Prospectus,Patrick Dubuque
Baseball Prospectus,Baseball Prospectus
Baseball Prospectus,Baseball Prospectus
Baseball Prospectus,Jayson Stark
Baseball Prospectus,BP Kansas City
Baseball Prospectus,KC Baseball Vault
Baseball Prospectus,Stolen Signs
Baseball Prospectus,Russell A. Carleton
Baseball Prospectus,Baseball Prospectus
Baseball Prospectus,Patrick Dubuque
Baseball Prospectus,rachael (mcdaniel)
Baseball Prospectus,Baseball Prospectus
Baseball Prospectus,Mike Gianella
Baseball Prospectus,Baseball Prospectus
Baseball Prospectus,Aaron Gleeman
Baseball Prospectus,Baseball Prospectus
Baseball Prospectus,Rob Mains
Baseball Prospectus,Mike Gianella
Baseball Prospectus,Aaron Gleeman
Baseball Prospectus,Mike Gianella
Baseball Prospectus,Patrick Dubuque
Baseball Prospectus,Aaron Gleeman
Baseball Prospectus,rachael (mcdaniel)
Baseball Prospectus,Rob Mains
Baseball Prospectus,Baseball Prospectus
Baseball Prospectus,Eddy Almaguer
Baseball Prospectus,Carlos Pérez Zamora
Baseball Prospectus,Patrick Dubuque
Baseball Prospectus,rachael (mcdaniel)
Baseball Prospectus,Jayson Stark
Baseball Prospectus,Aaron Gleeman
Baseball Prospectus,Bret Sayre
Baseball Prospectus,Stolen Signs
Baseball Prospectus,Mike Gianella
Baseball Prospectus,Scott Delp
Baseball Prospectus,Mike Gianella
Baseball Prospectus,Rob Mains
Baseball Prospectus,BP Kansas City
Baseball Prospectus,Craig Brown
Baseball Prospectus,Dayn Perry
Baseball Prospectus,Rob Mains
Fútbol Avanzado,Fútbol Avanzado
NBA,Cleveland Cavaliers
NBA,NBA on TNT
NBA,Philadelphia 76ers
NBA,Sacramento Kings
NBA,Brooklyn Nets
NBA,Timberwolves
NBA,Trail Blazers
NBA,Brooklyn Nets
NBA,Sacramento Kings
NBA,Sacramento Kings
NBA,NBA on TNT
NBA,Brooklyn Nets
NBA,Sacramento Kings
NBA,Brooklyn Nets
NBA,Sacramento Kings
NBA,NBA on TNT
NBA,Brooklyn Nets
NBA,Timberwolves
NBA,Brooklyn Nets
NBA,NBA on TNT
NBA,Philadelphia 76ers
NBA,Cleveland Cavaliers
NBA,NBA on TNT
NBA,Timberwolves
NBA,Trail Blazers
NBA,NBA on TNT
NBA,Sacramento Kings
NBA,Brooklyn Nets
NBA,NBA on TNT
NBA,Los Angeles Lakers
NBA,Timberwolves
NBA,NBA on TNT
NBA,Joel Embiid
NBA,Philadelphia 76ers
NBA,Cleveland Cavaliers
NBA,Brooklyn Nets
NBA,Philadelphia 76ers
NBA,NBA on TNT
NBA,NBA on TNT
NBA,NBA on TNT
NBA,NBA on TNT
NBA,Philadelphia 76ers
NBA,NBA on TNT
NBA,Los Angeles Lakers
NBA,Miami HEAT
NBA,Trail Blazers
NBA,CJ McCollum
NBA,NBA on TNT
NBA,NBA on TNT
NBA,NBA on TNT
NBA,NBA on TNT
NBA,Chris Webber
NBA,Chris Webber
NBA,Los Angeles Lakers
NBA,Julius Randle
NBA,Isaiah Thomas
NBA,Brandon X. Ingram
NBA,Philadelphia 76ers
NBA,Cleveland Cavaliers
NBA,NBA on TNT
NBA,NBA on TNT
NBA,NBA on TNT
NBA,NBA on TNT
NBA,NBA on TNT
NBA,Philadelphia 76ers
NBA,Cleveland Cavaliers
NBA,NBA on TNT
NBA,NBA on TNT
NBA,NBA on TNT
NBA,Golden State Warriors
NBA,Stephen Curry
NBA,Miami HEAT
NBA,WNBA
NBA,Lisa Borders
NBA,Dikembe Mutombo
NBA,Cleveland Cavaliers
NBA,NBA on TNT
NBA,NBA on TNT
NBA,NBA on TNT
NBA,Saturday Night Live - SNL
NBA,Philadelphia 76ers
NBA,NBA on TNT
NBA,Ben Simmons
NBA,Philadelphia 76ers
NBA,NBA on TNT
NBA,NBA on TNT
NBA,Cleveland Cavaliers
NBA,NBA on TNT
NBA,NBA on TNT
NBA,Ben Simmons
NBA,NBA on TNT
NBA,NBA Cares
NBA,NBA
NBA,Kaiser Permanente
NBA,Golden State Warriors
NBA,NBA Coaches Assoc.
NBA,Washington Wizards
NBA,NBA Coaches Assoc.
NBA,Houston Rockets
NBA,Washington Wizards
NBA,Kia Motors America
NBA,LeBron James
NBA,Cleveland Cavaliers
NBA,Kia Motors America
NBA,Anthony Davis
NBA,New Orleans Pelicans
NBA,Kia Motors America
NBA,LeBron James
NBA,Cleveland Cavaliers
NBA,Anthony Davis
NBA,Kia Motors America
NBA,Ben Simmons
NBA,Philadelphia 76ers
NBA,Kia Motors America
NBA,Donovan Mitchell
NBA,Utah Jazz
NBA,Kia Motors America
NBA,Ben Simmons
NBA,Philadelphia 76ers
NBA,NBA G League
NBA,NB? Clout Master
NBA,Twitch
NBA,NBA G League
NBA,Twitch
NBA,NBA Draft
NBA,John Schuhmann
NBA,andrew wiggins
NBA,BudweiserUSA
NBA,NBA on TNT
NBA,Philadelphia 76ers
NBA,Cleveland Cavaliers
NBA,Timberwolves
NBA,Trail Blazers
NBA,San Antonio Spurs
NBA,Patrick Mills
NBA,Houston Rockets
NBA,Boston Celtics
NBA,Golden State Warriors
NBA,Phoenix Suns
NBA,New Orleans Pelicans
NBA,OKC THUNDER
NBA,Dallas Mavericks
NBA,OKC THUNDER
NBA,Houston Rockets
NBA,NBA
NBA,NBA
NBA,Dirk Nowitzki
NBA,Dallas Mavericks
NBA,NBA History
NBA,Phoenix Suns
NBA,New Orleans Pelicans
NBA,NBA.com/Stats
NBA,OKC THUNDER
NBA,NBA Fantasy
NBA,Russell Westbrook
NBA,OKC THUNDER
NBA,Houston Rockets
NBA,OKC THUNDER
NBA,Houston Rockets
NBA,LA Clippers
LaLiga,Ronaldo Nazário
LaLiga,LaLiga
LaLiga,Atlético de Madrid
LaLiga,LaLiga
LaLiga,Philipe Coutinho
LaLiga,Antoine Griezmann
LaLiga,Miguel Ángel Moyá
LaLiga,Real Sociedad Fútbol
LaLiga,Deportivo Alavés
LaLiga,Deportivo Alavés
LaLiga,Deportivo Alavés
LaLiga,Atlético de Madrid
LaLiga,UD Las Palmas
LaLiga,Deportivo Alavés
LaLiga,NÀSTIC DE TARRAGONA
LaLiga,UD Las Palmas
LaLiga,Jonathan Calleri
LaLiga,Real Sociedad Fútbol
LaLiga,Marc ter Stegen
LaLiga,Deportivo Alavés
LaLiga,Levante UD
LaLiga,Levante UD
LaLiga,Deportivo Alavés
LaLiga,Deportivo Alavés
LaLiga,FC Barcelona
LaLiga,Real Betis Balompié
LaLiga,Joaquín Sánchez
LaLiga,Antonio Adan
LaLiga,Real Betis Balompié
LaLiga,Real Sociedad Fútbol
LaLiga,Real Sociedad Fútbol
LaLiga,Real Betis Balompié
LaLiga,Philipe Coutinho
LaLiga,Antoine Griezmann
LaLiga,Real Betis Balompié
LaLiga,Atlético de Madrid
LaLiga,Ronaldinho Gaúcho
LaLiga,UD Almería
ThatGuyTipster,Fernando Neres
ThatGuyTipster,ThatGuyTipster
ThatGuyTipster,The Peoples Tipster
ThatGuyTipster,ThatGuyTipster
ThatGuyTipster,ThatGuyTipster
ThatGuyTipster,Peter Butler
ThatGuyTipster,ThatGuyTipster
ThatGuyTipster,Dean Perry
ThatGuyTipster,ThatGuyTipster
ThatGuyTipster,Adam
ThatGuyTipster,ThatGuyTipster
ThatGuyTipster,The Peoples Tipster
ThatGuyTipster,ThatGuyTipster
ThatGuyTipster,ThatGuyTipster
ThatGuyTipster,The Peoples Tipster
ThatGuyTipster,ThatGuyTipster
ThatGuyTipster,ThatGuyTipster
Predictive Analytics,FUNGE UVa
Predictive Analytics,Universidad de Valladolid
Predictive Analytics,PC_UVa
Predictive Analytics,Ei Informática Vall
AP Sports,Mitch Stacy
AP Sports,Tom Withers
AP Sports,Tim Reynolds
AP Sports,Tim Booth
AP Sports,Doug Ferguson
AP Sports,John Duerden
AP Sports,Jay Cohen
AP Sports,Jenna Fryer
AP Sports,Cliff Brunt
AP Sports,Tom Withers
AP Sports,Sage Karam
AP Sports,Tong-hyung Kim
AP Sports,Daniella Matar
AP Sports,FC Barcelona
AP Sports,Gerald Imray
AP Sports,Shubhankar Sharma
AP Sports,Doug Ferguson
AP Sports,Tom Withers
SPORTbible,ODDSbible
SPORTbible,Channel 5 Sport
SPORTbible,Josh Taylor
SPORTbible,Jarvis Juice Landry
SPORTbible,Joanna Rubalcaba
SPORTbible,talkingbaws.com
SportsCenter,NBA on ESPN
SportsCenter,Larry Nance Jr
SportsCenter,LeBron James
SportsCenter,James Harden
SportsCenter,Jill Kelly
SportsCenter,ESPN
SportsCenter,ESPN
SportsCenter,James Harden
SportsCenter,NBA on ESPN
Nat Geo Travel,Nat Geo Adventure
Nat Geo Travel,Nat Geo Photography
Nat Geo Travel,Nat Geo Travel
Nat Geo Travel,Nat Geo Adventure
Nat Geo Travel,CBS This Morning
Travel + Leisure,Target
Travel + Leisure,BetterHomes&Gardens
Earth Pics,Daniel Casson
Earth Pics,Hikester
The Frugal Traveler,NY Times Travel
NY Times Travel,The Frugal Traveler
NY Times Travel,The River Café
NY Times Travel,Seth Kugel
NY Times Travel,NY Times Travel
Telegraph Travel,Greg Dickinson
Telegraph Travel,Telegraph Luxury
Telegraph Travel,The Ritz-Carlton
That's Earth,That's Earth
That's Earth,That's Earth
That's Earth,That's Earth
Chicago Ideas,Nell Scovell
Chicago Ideas,The A.V. Club
Chicago Ideas,Nell Scovell
KENZO,WWD
Vogue Magazine,Gigi Hadid
Vogue Magazine,Tommy Hilfiger
Vogue Magazine,Off-White™
Vogue Magazine,Chloé
Vogue Magazine,CHANEL
Vogue Magazine,Chloé
Vogue Magazine,alexa chung
Vogue Magazine,H&M
Vogue Magazine,Kim Kardashian West
Vogue Magazine,RICK OWENS
Vogue Magazine,Chloé
Vogue Magazine,Burberry
Vogue Magazine,Amber Valletta
Vogue Magazine,Saint Laurent
Vogue Magazine,Emily Ratajkowski
Vogue Magazine,DearGiana
Vogue Magazine,Vogue Runway
Vogue Magazine,Chloé
Vogue Magazine,Pink Floyd
Vogue Magazine,Burberry
Vogue Magazine,gucci
Vogue Magazine,Fendi
Vogue Magazine,Emily Ratajkowski
British Vogue,Dior
British Vogue,JMoney
British Vogue,Tyra Banks
British Vogue,JMoney
British Vogue,Dior
British Vogue,Cara Delevingne
British Vogue,Chloé
British Vogue,TOM FORD
British Vogue,Saint Laurent
British Vogue,Chloé
British Vogue,Dior
British Vogue,JMoney
British Vogue,Kendall
British Vogue,Edward Enninful OBE
British Vogue,Burberry
British Vogue,Chloé
British Vogue,Kim Kardashian West
British Vogue,JMoney
British Vogue,Dior
British Vogue,?Winnie Harlow?
British Vogue,Jasmine Sanders
British Vogue,devon windsor
British Vogue,Gigi Hadid
British Vogue,Orla Kiely
British Vogue,Chloé
British Vogue,Burberry
British Vogue,Instagram
British Vogue,RICK OWENS
British Vogue,Chloé
British Vogue,Burberry
British Vogue,Burberry
British Vogue,Jimmy Kimmel
British Vogue,Dior
British Vogue,JMoney
British Vogue,Dior
British Vogue,ateh jewel
British Vogue,British Vogue
British Vogue,Marvel Studios
British Vogue,Adwoa Aboah
British Vogue,JMoney
British Vogue,Dior
British Vogue,Bella Hadid
British Vogue,Chloé
British Vogue,Dries Van Noten
British Vogue,Alek Wek
British Vogue,alexa chung
British Vogue,Edward Enninful OBE
British Vogue,Burberry
British Vogue,Paco Rabanne
British Vogue,Burberry
British Vogue,Rosie H-W
British Vogue,Bella Hadid
British Vogue,Dior
British Vogue,JMoney
British Vogue,Adwoa Aboah
British Vogue,MISS VOGUE
British Vogue,Lara Johnson-Wheeler
British Vogue,JMoney
British Vogue,Dior
British Vogue,British Vogue
British Vogue,JMoney
British Vogue,Dior
British Vogue,alexa chung
British Vogue,Orla Kiely
British Vogue,Alexis Ohanian Sr.
British Vogue,Serena Williams
British Vogue,JMoney
British Vogue,Dior
British Vogue,MISS VOGUE
British Vogue,Edward Enninful OBE
British Vogue,Burberry
British Vogue,?Winnie Harlow?
British Vogue,Joan Smalls
British Vogue,Chloé
British Vogue,Burberry
British Vogue,Burberry
British Vogue,Alexis Ohanian Sr.
British Vogue,Serena Williams
ELLE Magazine (US),Kate Upton
ELLE Magazine (US),Kim Kardashian West
ELLE Magazine (US),Nina Garcia
ELLE Magazine (US),ELLE Magazine (US)
ELLE Magazine (US),R. Eric Thomas
ELLE Magazine (US),Antoni Porowski
ELLE Magazine (US),R. Eric Thomas
ELLE Magazine (US),Queer Eye
ELLE Magazine (US),ELLE Magazine (US)
ELLE Magazine (US),Esquire
ELLE Magazine (US),Julie Kosin
ELLE Magazine (US),R. Eric Thomas
ELLE Magazine (US),Queer Eye
ELLE Magazine (US),Armie Hammer
ELLE Magazine (US),Estelle Tang
ELLE Magazine (US),Armie Hammer
ELLE Magazine (US),R. Eric Thomas
Cosmopolitan,Kelly Clarkson
Cosmopolitan,Cosmopolitan
Cosmopolitan,Chi Chi DeVayne
Cosmopolitan,Thomas Rhett
Cosmopolitan,RuPaul's Drag Race
Cosmopolitan,Shangela
Cosmopolitan,Kim Kardashian West
Cosmopolitan,camila
Fashionista.com,Christian Siriano
Fashionista.com,Off-White™
Fashionista.com,Maria Bobila
Fashionista.com,Fashionista Careers
Fashionista.com,Slate Studios
Fashionista.com,Chloé
Fashionista.com,Fashionista Careers
Fashionista.com,Slate Studios
Fashionista.com,KENZO
Fashionista.com,Target
Fashionista.com,RICK OWENS
Fashionista.com,NET-A-PORTER
Fashionista.com,Mario Dedivanovic
Fashionista.com,iamcardib
Fashionista.com,Ashley Graham
Fashionista.com,Vogue Magazine
Fashionista.com,Fashionista Careers
Fashionista.com,Cynthia Rowley
Fashionista.com,Teen Vogue
Fashionista.com,Red Sparrow
Fashionista.com,Chloé
Fashionista.com,Hunter
Fashionista.com,Target
Fashionista.com,KENZO
Fashionista.com,Burberry
Who What Wear,Bridger Winegar
Who What Wear,Origins
Who What Wear,Vogue Mex y Latam
Who What Wear,LACOSTE
Who What Wear,Ulta Beauty
The Cut,Emma Heming Willis
The Cut,Glossier
The Cut,Cathy Horyn
The Cut,Cathy Horyn
The Cut,Emma Heming Willis
The Cut,The Strategist
The Cut,Brooke Shields
The Cut,Emilia Petrarca
The Cut,Select All
The Cut,Nora Whelan
The Cut,caitlin white
The Cut,Lisa Ryan
The Cut,hunter harris
The Cut,Elana Brooke Fishman
The Cut,Jessica Roy
The Cut,Lifetime
The Cut,The Strategist
The Cut,Stella Bugbee
The Cut,Amy Odell
The Cut,The Strategist
The Cut,Allison P Davis
The Cut,AtlantaFX
The Cut,Stella Bugbee
The Cut,AtlantaFX
The Cut,Gabriella Paiella
The Cut,Glossier
The Cut,Jen Gann
The Cut,Ruth Spencer
The Cut,The Cut
The Cut,Charlotte Cowles
The Cut,The Cut
The Cut,New York Magazine
The Cut,Ashley Weatherford
The Cut,Sarah Spellings
The Cut,Vulture
The Cut,Ashley Weatherford
The Cut,The Cut
The Cut,Cathy Horyn
Times Fashion,Chloé
ELLEUK,French Connection
Victoria's Secret,Victoria Sport
Revista InStyle,Arquitectura
Revista InStyle,Cristina Pedroche
Revista InStyle,Kim Kardashian West
Sephora,GLAMGLOW
Sephora,BITE Beauty
Ciudadanos,Albert Rivera
Ciudadanos,Ciudadanos
Ciudadanos,PODEMOS
Ciudadanos,PODEMOS
Ciudadanos,Carlos Carrizosa
Ciudadanos,Toni Roldán Monés
Ciudadanos,Toni Roldán Monés
Ciudadanos,La Brújula
Ciudadanos,Cs Castilla y León
Ciudadanos,Miguel Gutiérrez
Ciudadanos,Ciudadanos
Ciudadanos,Cs Castilla y León
Ciudadanos,Miguel Gutiérrez
Ciudadanos,Albert Rivera
Ciudadanos,Fran Hervías
Ciudadanos,Albert Rivera
Ciudadanos,Cs en el Congreso
Ciudadanos,Patricia Reyes
Ciudadanos,Cs en el Congreso
Ciudadanos,Patricia Reyes
Ciudadanos,Cs en el Congreso
Ciudadanos,Patricia Reyes
Ciudadanos,Ciudadanos Madrid
Ciudadanos,Ciudadanos Madrid
Ciudadanos,Xavier Pericay
Ciudadanos,Inés Arrimadas
Ciudadanos,Cs Bruselas
Ciudadanos,Toni Roldán Monés
Ciudadanos,Ciudadanos
Ciudadanos,Guardia Civil
Ciudadanos,Cs Bruselas
Ciudadanos,Ciudadanos
Ciudadanos,Fran Hervías
Ciudadanos,Inés Arrimadas
Ciudadanos,Ciudadanos
Ciudadanos,Toni Roldán Monés
Ciudadanos,Fernando de Páramo
Ciudadanos,Fernando de Páramo
Ciudadanos,Fernando de Páramo
Ciudadanos,Fernando de Páramo
Ciudadanos,Las Mañanas Cuatro
Ciudadanos,Cs Valencia
Ciudadanos,Ciudadanos
Ciudadanos,Europa Press Madrid
Ciudadanos,Ciutadans
Ciudadanos,Inés Arrimadas
Ciudadanos,Ciutadans
Ciudadanos,Inés Arrimadas
Ciudadanos,Ciutadans
Ciudadanos,Inés Arrimadas
Ciudadanos,Ciutadans
Ciudadanos,Inés Arrimadas
Ciudadanos,Ciutadans
Ciudadanos,Carlos Carrizosa
Ciudadanos,Fernando de Páramo
Ciudadanos,Albert Rivera
Ciudadanos,Albert Rivera
Ciudadanos,Albert Rivera
Ciudadanos,Hoy por hoy
Ciudadanos,Hoy por hoy
Ciudadanos,Guillermo Díaz
Ciudadanos,Marta Rivera
Ciudadanos,Félix Álvarez
Ciudadanos,Albert Rivera
Ciudadanos,Albert Rivera
Ciudadanos,Policía Nacional
Ciudadanos,Guardia Civil
Ciudadanos,Albert Rivera
Ciudadanos,Albert Rivera
Ciudadanos,Albert Rivera
Ciudadanos,Albert Rivera
Ciudadanos,Albert Rivera
Ciudadanos,Hoy por hoy
Ciudadanos,Cadena SER
Ciudadanos,Albert Rivera
The Democrats,NDRC
The Democrats,"Frank Pallone, Jr."
The Democrats,Connie Britton
The Democrats,College Democrats
EPP,Joseph Daul
EPP,Marianne Thyssen
EPP,European Commission ??
EPP,Pascal Hansens
EPP,EPP Group CoR
EPP,??. ????????????
EPP,EU2018BG
EPP,Johannes Hahn
EPP,Boyko Borissov
EPP,BG2018EU
EPP,Kris Peeters
EPP,Marianne Thyssen
EPP,Tibor Navracsics
EPP,George Tsereteli
EPP,EPP_MT
EPP,Roberta Metsola MEP
EPP,European Parliament
EPP,European Commission ??
EPP,Ekaterina Zaharieva
EPP,European Commission ??
EPP,Jean-Claude Juncker
EPP,Johannes Hahn
EPP,Tibor Navracsics
EPP,GPP Europeo
EPP,Tono López-Istúriz
EPP,Marianne Thyssen
EPP,EU Social ??
EPP,Joseph Daul
EPP,Nicos Anastasiades
EPP,EPP
PODEMOS,Sofía Castañón
PODEMOS,Idoia Villanueva
PODEMOS,Perra Roja De Satán
PODEMOS,Juanma del Olmo
PODEMOS,Albertix
PODEMOS,Rafa Mayoral
PODEMOS,Pablo Echenique
PODEMOS,Txema Guijarro
PODEMOS,Íñigo Errejón
PODEMOS,UC3M
PODEMOS,Irene Montero
PODEMOS,Instituto 25M
PODEMOS,La Morada - Madrid
PODEMOS,Pablo Iglesias
PODEMOS,Sofía Castañón
PODEMOS,La Morada - Madrid
PODEMOS,Juanma del Olmo
PODEMOS,Pablo Iglesias
PODEMOS,Pablo Echenique
PODEMOS,Pedro Santisteve
PODEMOS,Clara Reinoso
PODEMOS,Sofía Castañón
PODEMOS,eldiario.es
PODEMOS,Juanma del Olmo
PODEMOS,Pablo Iglesias
CNN Politics,Anderson Cooper 360°
CNN Politics,CNN Newsroom
CNN Politics,CNN
CNN Politics,Abby D. Phillip
CNN Politics,Anthony Scaramucci
CNN Politics,New Day
CNN Politics,New Day
Bloomberg Politics,Bloomberg Asia
Bloomberg Politics,Alex Wayne
Bloomberg Politics,Bloomberg Graphics
Bloomberg Politics,TicToc by Bloomberg
Bloomberg Politics,Bloomberg Economics
Bloomberg Politics,TicToc by Bloomberg
Bloomberg Politics,TicToc by Bloomberg
Bloomberg Politics,Emma Ross-Thomas
Bloomberg Politics,TicToc by Bloomberg
Bloomberg Politics,Enda Curran ???
Bloomberg Politics,Businessweek
ABC News Politics,Cecilia Vega
ABC News Politics,Sarah Sanders
ABC News Politics,This Week
ABC News Politics,Karen Travers
ABC News Politics,Conor Finnegan
ABC News Politics,Department of State
ABC News Politics,ABC News
ABC News Politics,Cecilia Vega
ABC News Politics,Sarah Sanders
ABC News Politics,Arlette Saenz
ABC News Politics,Cecilia Vega
ABC News Politics,Sarah Sanders
ABC News Politics,Sarah Sanders
ABC News Politics,ABC News
ABC News Politics,Alex Mallin
ABC News Politics,President Trump
ABC News Politics,The View
ABC News Politics,Conor Finnegan
ABC News Politics,ABC News
ABC News Politics,Rick Klein
ABC News Politics,Geneva Sands
ABC News Politics,ABC News
ABC News Politics,Mary Bruce
ABC News Politics,Alex Mallin
ABC News Politics,Donald J. Trump
MSNBC,Adam Schiff
MSNBC,Julia E. Ainsley
MSNBC,Ari Melber
MSNBC,NBC News
MSNBC,Maddow Blog
MSNBC,Maddow Blog
MSNBC,All In w/Chris Hayes
MSNBC,Richard W. Painter
MSNBC,NBC News
MSNBC,Megyn Kelly
MSNBC,TheBeat w/Ari Melber
MSNBC,Ari Melber
MSNBC,Ken Dilanian
MSNBC,NBC News
MSNBC,NBC News
MSNBC,Ken Dilanian
MSNBC,Meet the Press
MSNBC,Meet the Press
MSNBC,Condoleezza Rice
MSNBC,Deadline White House
MSNBC,Condoleezza Rice
MSNBC,Nicolle Wallace
MSNBC,Condoleezza Rice
MSNBC,NBC Politics
MSNBC,Sarah Sanders
MSNBC,NBC News
MSNBC,NBC News
MSNBC,Sarah Sanders
MSNBC,Stephanie Ruhle
MSNBC,Vicky Cornell
MSNBC,NBC Politics
MSNBC,Lawrence O'Donnell
MSNBC,NBC Politics
MSNBC,Jesse Drucker
MSNBC,Senator Pat Toomey
MSNBC,11th Hour
Los Angeles Times,Sonali Kohli ??
Los Angeles Times,Kenneth Turan
Los Angeles Times,L.A. Times Opinion
VOX ??,Santiago Abascal
VOX ??,Elena
VOX ??,VOX ??
VOX ??,Hermann Tertsch
VOX ??,VOX ??
VOX ??,Luis del Pino
VOX ??,VOX ??
VOX ??,Ortega Smith VOX
VOX ??,Pedro Fernández
VOX ??,VOX ??
VOX ??,Santiago Abascal
VOX ??,Hermann Tertsch
VOX ??,Rocio Monasterio
VOX ??,Carles Puigdemont ?
VOX ??,Vox Madrid
VOX ??,Trendinalia España
VOX ??,Santiago Abascal
VOX ??,Vox Madrid
VOX ??,Trendinalia España
VOX ??,Luis del Pino
VOX ??,Cañas por España ??
VOX ??,Rocio Monasterio
VOX ??,Luis del Pino
VOX ??,Rocio Monasterio
VOX ??,Trendinalia España
VOX ??,Francisco Guerrero
VOX ??,Alternativa VOX ??
VOX ??,Santiago Abascal
VOX ??,VOX ??
VOX ??,VOX ??
VOX ??,Trendinalia España
VOX ??,Pablo Andrés
VOX ??,Cañas por España ??
VOX ??,Hermann Tertsch
VOX ??,Francisco Guerrero
VOX ??,Alfonso Español #VOX
VOX ??,ErnestoGarcíaTG
VOX ??,Vox Fortuna
VOX ??,Alfonso Español #VOX
VOX ??,Trendinalia España
VOX ??,María Pérez Fdez.
VOX ??,Antonio de Miguel
VOX ??,VOX Noticias ??
VOX ??,cakeminuesa
VOX ??,Alternativa VOX ??
VOX ??,Pedro Fernández
VOX ??,Alternativa VOX ??
VOX ??,Cañas por España ??
VOX ??,Santiago Abascal
VOX ??,VOX Noticias ??
VOX ??,Santiago Abascal
VOX ??,Cañas por España ??
VOX ??,cakeminuesa
VOX ??,carminaalejandro
VOX ??,VOX Leon
VOX ??,Vox Talavera
VOX ??,VOX Noticias ??
VOX ??,Hermann Tertsch
VOX ??,#FueraAutonomias #VOX ??
VOX ??,VOX Tarragona
VOX ??,Santiago Abascal
VOX ??,DAIARA ORDÓÑEZ
VOX ??,Ortega Smith VOX
VOX ??,Pedro Fernández
VOX ??,Luis del Pino
VOX ??,Hermann Tertsch
VOX ??,VOX Noticias ??
VOX ??,Santiago Abascal
VOX ??,Hermann Tertsch
VOX ??,Luis del Pino
VOX ??,Santiago Abascal
VOX ??,Santiago Abascal
VOX ??,VOX Bilbao
VOX ??,Alternativa VOX ??
VOX ??,Partido Popular ??
VOX ??,Cañas por España ??
VOX ??,PEPE CANDON
VOX ??,Jusapol Santiago de Compostela
VOX ??,Ortega Smith VOX
cope.es,La Noche
cope.es,La Noche
cope.es,Adolfo Arjona
cope.es,El Cascabel
cope.es,Carles Puigdemont ?
cope.es,J.Pablo Colmenarejo
cope.es,La Linterna
cope.es,Carles Puigdemont ?
cope.es,Manuela Carmena
cope.es,Manuela Carmena
cope.es,Ángel Expósito
cope.es,La Linterna
cope.es,Sáenz de Santamaría
cope.es,La Linterna
cope.es,Sáenz de Santamaría
cope.es,cope.es
cope.es,La Linterna
cope.es,Sáenz de Santamaría
cope.es,Carles Puigdemont ?
cope.es,La Linterna
cope.es,Sáenz de Santamaría
cope.es,Carles Puigdemont ?
cope.es,La Linterna
cope.es,Sáenz de Santamaría
cope.es,La Linterna
cope.es,Sáenz de Santamaría
cope.es,Luz Casal
cope.es,Ángel Expósito
cope.es,La Casa Blanca
cope.es,Carles Puigdemont ?
cope.es,Carles Puigdemont ?
cope.es,La Linterna
cope.es,cope.es
cope.es,Ayuntamiento Madrid
cope.es,Hollywood Land COPE
cope.es,Ángel Expósito
cope.es,Complutense
cope.es,Monica Alvarez Mesas
cope.es,Dir. Gral. Tráfico
cope.es,AESVI España
cope.es,Ayuntamiento Madrid
cope.es,COPE Religión
cope.es,La Linterna
cope.es,cope.es
cope.es,ConferenciaEpiscopal
cope.es,Of. Información CEE
cope.es,Celler de Can Roca
cope.es,Consejo Dentistas
cope.es,La Noche
cope.es,Mediodía COPE
cope.es,Ejército de Tierra
cope.es,Campaña Antártica ET
cope.es,UnidosContraElCáncer
cope.es,La Noche
cope.es,Herrera en COPE
cope.es,Ciudadanos
cope.es,Inés Arrimadas
cope.es,Herrera en COPE
cope.es,Maryjoe Jarl
cope.es,Santiago Segura
cope.es,Herrera en COPE
cope.es,Renfe
cope.es,Raquel Pérez Polo
cope.es,Borja Terán
cope.es,JuanMa Fdez
cope.es,David Carro Mayor
cope.es,Íñigo Pirfano
cope.es,Sindicato Médico IB
cope.es,Herrera en COPE
cope.es,Herrera en COPE
cope.es,Amstel España
cope.es,Mariano Rajoy Brey
cope.es,Ángel Expósito
cope.es,Herrera en COPE
cope.es,Donald J. Trump
cope.es,Herrera en COPE
cope.es,Carles Puigdemont ?
cope.es,Gay de Liébana COPE
cope.es,El Partidazo de COPE
cope.es,Herrera en COPE
cope.es,Patricia Rosety
cope.es,La Linterna
cope.es,J.Pablo Colmenarejo
cope.es,Herrera en COPE
Onda Cero,Más De Uno
Onda Cero,Carlos Alsina
Onda Cero,Juan Ramón Lucas
Onda Cero,No son horas
Onda Cero,Jose Luis Salas
Onda Cero,El Transistor
Onda Cero,JRamón de la Morena
Onda Cero,El Transistor
Onda Cero,Salvador Illa Roca
Onda Cero,La Brújula
Onda Cero,Toni Roldán Monés
Onda Cero,Xavier García Albiol
Onda Cero,La Brújula
Onda Cero,Radioestadio
Onda Cero,del cura
Onda Cero,La Brújula
Onda Cero,del cura
Onda Cero,Carlos Alsina
Onda Cero,Leticia Dolera
Onda Cero,Julia en la Onda
Onda Cero,elOrdenMundial S.XXI
Onda Cero,Julia en la Onda
Onda Cero,Julia en la Onda
Onda Cero,Leticia Dolera
Onda Cero,Ferran Monegal
Onda Cero,Fariña
Onda Cero,Julia en la Onda
Onda Cero,Fariña
Onda Cero,Julia en la Onda
Onda Cero,Julia en la Onda
Onda Cero,Julia Otero
Onda Cero,Noticias Mediodía
Onda Cero,Noticias Mediodía
Onda Cero,Más De Uno
Onda Cero,Manuel J. Carpintero
Onda Cero,Más De Uno
Onda Cero,Más De Uno
Onda Cero,Juan Ramón Lucas
Onda Cero,El Monaguillo
Onda Cero,Carlos Alsina
Onda Cero,Más De Uno
Onda Cero,Ignacio Rguez Burgos
Onda Cero,Crue Universidades
Onda Cero,Más De Uno
Onda Cero,Más De Uno
Onda Cero,Más De Uno
Onda Cero,Crue Universidades
Onda Cero,Más De Uno
Onda Cero,Crue Universidades
Onda Cero,Más De Uno
Onda Cero,Más De Uno
Onda Cero,Más De Uno
Onda Cero,Sandra Golpe
Onda Cero,Rubén Amón
Onda Cero,Victor Lapuente
Onda Cero,Más De Uno
Onda Cero,JRamón de la Morena
Onda Cero,Más De Uno
Onda Cero,Carlos Alsina
Onda Cero,Rubén Amón
Onda Cero,Más De Uno
Onda Cero,Más De Uno
UberFacts,Kris Sanchez
UberFacts,UberFacts
UberFacts,UberFacts
UberFacts,UberFacts
UberFacts,UberFacts
UberFacts,UberFacts
UberFacts,UberFacts
UberFacts,UberFacts
UberFacts,UberFacts
UberFacts,UberFacts
BuzzFeed,BuzzFeedVideo
BuzzFeed,BuzzFeed News
BuzzFeed,BuzzFeed News
BuzzFeed,BuzzFeed News
BuzzFeed,BuzzFeedVideo
BuzzFeed,BuzzFeedVideo
BuzzFeed,Kim Kardashian West
BuzzFeed,BuzzFeed News
BuzzFeed,BuzzFeed Animals
BuzzFeed,Nifty
BuzzFeed,Nifty
BuzzFeed,Nifty
Kale Salad,Carlos
Kale Salad,Jojo???
Kale Salad,kayte
Kale Salad,mxrixha
Kale Salad,brianna conerty
Kale Salad,chess
Kale Salad,LeJack James
Kale Salad,Kale Salad
Kale Salad,Malala
Kale Salad,hanaaa
Kale Salad,Ol' Fred
LADbible,Sir Stevo Timothy
LADbible,?? ???
Mental Floss,Sporcle
El Mundo Today,El Mundo Today
El Mundo Today,La Llama Store
El Mundo Today,Carmen Salvo
El Mundo Today,El Mundo Today
El Mundo Today,EL MUNDO
El Mundo Today,Luis Piedrahita
El Mundo Today,El Mundo Today
El Mundo Today,El Mundo Today
El Mundo Today,LocoMundo
El Mundo Today,El Mundo Today
El Mundo Today,Tal día como hoy
El Mundo Today,El Mundo Today
El Mundo Today,El Mundo Today
Cabronazi,Mejores Zasca!
Cabronazi,Guardia Civil
Cabronazi,Luisa Velasco Riego
Cabronazi,Adrián Bastón
Cabronazi,rima ?
Cabronazi,Lucía
Cabronazi,Alberto González
Cabronazi,August Landmesser
Cabronazi,Miss Huevos
La vecina rubia,Miley Ray Cyrus
La vecina rubia,Valle Loko
La vecina rubia,SaludMadrid
La vecina rubia,CentroDeTransfusión
La vecina rubia,La vecina rubia
La vecina rubia,Mariela
La vecina rubia,La vecina rubia
La vecina rubia,Mr Wolf Teacher
La vecina rubia,La vecina rubia
NFL Memes,NFL Memes
9GAG,Ghetto Avengers
9GAG,Ghetto Spider
Funny Or Die,"Matt ""Matt"" Mayer"
Netflix US,Jessica Jones
Netflix US,maia ?
Netflix US,Netflix US
Netflix US,Drew Grant
Netflix US,Netflix Is A Joke
HBO,IfOnly
HBO,ACLU
FOX,Pitbull
FOX,Fifth Harmony
FOX,Showtime Apollo FOX
FOX,FOX
FOX,Steve Harvey
FOX,Empire
NBC,America Ferrera
NBC,Superstore
NBC,JesusChristSuperstar
NBC,NBC
NBC,A.P. Bio
NBC,Fallon Tonight
NBC,Chadwick Boseman
NBC,Trial & Error
NBC,Ellen DeGeneres
NBC,Mandy Moore
La 1,Ochéntame Otra Vez
La 1,Rosa Montero
La 1,Archivo RTVE
La 1,Rosa Montero
La 1,Ochéntame Otra Vez
La 1,Almudena Grandes
La 1,Cuéntame cómo pasó
La 1,Elena Rivera
La 1,Almudena Grandes
La 1,Rosa Montero
La 1,TVE
La 1,Cuéntame cómo pasó
La 1,Archivo RTVE
La 1,TVE
La 1,Cuéntame cómo pasó
La 1,TVE
La 1,Telediarios de TVE
La 1,Cuéntame cómo pasó
La 1,RTVE
La 1,Cuéntame cómo pasó
La 1,TVE
La 1,Cuéntame cómo pasó
La 1,Cuéntame cómo pasó
La 1,RTVE
La 1,ElTiempo_tve
La 1,Cuéntame cómo pasó
La 1,Archivo RTVE
La 1,Cuéntame cómo pasó
La 1,RTVE
La 1,TVE
La 1,Cuéntame cómo pasó
La 1,Archivo RTVE
La 1,Cuéntame cómo pasó
La 1,RTVE
La 1,Archivo RTVE
La 1,Premios Goya
La 1,Academia de Cine
La 1,Cuéntame cómo pasó
La 1,José María Íñigo
La 1,Pepe Rodriguez
La 1,OT 2017
La 1,Cepeda
La 1,Manu Guix
La 1,Aquí la Tierra
La 1,España Directo
La 1,TVE
La 1,Telediarios de TVE
La 1,MaestrosDeLaCostura
La 1,Intropia
La 1,Desaparecidos (TVE)
La 1,José Araque
La 1,Telediarios de TVE
La 1,TVE
La 1,Aquí la Tierra
La 1,OT 2017
La 1,OT 2017
La 1,Mimi
La 1,RTVE
La 1,La Mañana
La 1,Torres en la Cocina
La 1,OT 2017
La 1,TVE
La 1,OT 2017
La 1,RTVE
La 1,Cuéntame cómo pasó
La 1,OT 2017
La 1,Cepeda
La 1,Mimi
La 1,TVE
La 1,"Lucía, mi Pediatra"
La 1,SaberVivirRTVE
La 1,eurovision_rtve
La 1,MaestrosDeLaCostura
La 1,Luisa Maestros de la costura
La 1,Anna Maestros de la costura
La 1,Sergio Maestros de la costura
La 1,TVE
La 1,Corazón TVE
La 1,Cuéntame cómo pasó
La 1,Torres en la Cocina
La 1,TVE
La 1,TVE
La 1,RTVE
La 1,Torres en la Cocina
La 1,Cuéntame cómo pasó
La 1,eurovision_rtve
La 1,Alfred García
La 1,Amaia
La 1,RTVE
laSexta,Miguel Ángel Revilla
laSexta,Iñaki López
laSexta,laSextaNoche
laSexta,Equipo Investigación
laSexta,laSexta columna
laSexta,Expediente Marlasca
laSexta,zapeando
laSexta,Mario Casas
laSexta,El Intermedio
laSexta,Dani Mateo
laSexta,Manuela Carmena
laSexta,Inés Arrimadas
laSexta,Ada Colau
laSexta,Mónica Oltra Jarque
laSexta,Francina Armengol
laSexta,Uxue Barkos
laSexta,El Intermedio
laSexta,Fer González Gonzo
laSexta,El Intermedio
laSexta,Dani Mateo
laSexta,Centímetros Cúbicos
laSexta,El Intermedio
laSexta,zapeando
laSexta,Anna Simon Marí
laSexta,El Intermedio
laSexta,laSexta Noticias
laSexta,Jordi Évole
laSexta,Alberto Núñez Feijóo
laSexta,Joaquín Sánchez
laSexta,laSexta Noticias
laSexta,laSexta Noticias
laSexta,Más Vale Tarde
laSexta,laSexta Noticias
laSexta,zapeando
laSexta,Josie
laSexta,laSexta Noticias
laSexta,laSexta Noticias
laSexta,Antonio De La Torre
laSexta,Salvados
laSexta,Jordi Évole
laSexta,laSexta Noticias
laSexta,laSexta Noticias
laSexta,laSexta Noticias
laSexta,El Intermedio
laSexta,Más Vale Tarde
laSexta,zapeando
laSexta,Jordi Évole
laSexta,Salvados
laSexta,Centímetros Cúbicos
laSexta,El Intermedio
laSexta,Dani Mateo
laSexta,zapeando
laSexta,Frank Blanco
laSexta,Mario Casas
laSexta,Más Vale Tarde
laSexta,El Intermedio
laSexta,AlRojoVivo
laSexta,J.Coscu
laSexta,Expediente Marlasca
laSexta,AlRojoVivo
laSexta,Íñigo Errejón
laSexta,laSexta|Deportes
laSexta,laSexta
laSexta,laSexta Noticias
laSexta,JugoneslaSexta
laSexta,Atresplayer
laSexta,laSexta Noticias
laSexta,AlRojoVivo
laSexta,laSexta columna
laSexta,Constantes y Vitales
laSexta,laSexta
laSexta,Flooxer
laSexta,Premios MIN
laSexta,AlRojoVivo
laSexta,AlRojoVivo
laSexta,zapeando
laSexta,AlRojoVivo
laSexta,Equipo Investigación
laSexta,AlRojoVivo
laSexta,Andrea Levy
laSexta,laSextaNoche
laSexta,laSextaNoche
laSexta,Miquel Iceta Llorens
laSexta,El Intermedio
laSexta,Dani Mateo
laSexta,Más Vale Tarde
laSexta,TecnoXplora
laSexta,AlRojoVivo
laSexta,Salvados
laSexta,Jordi Évole
laSexta,Hypno | Flooxer
laSexta,ana morgade
laSexta,El Intermedio
laSexta,laSexta|Deportes
laSexta,El Intermedio
laSexta,Dani Mateo
laSexta,Más Vale Tarde
laSexta,Nacho Carretero
laSexta,laSexta Noticias
Prime Video,Too Old To Die Young
Prime Video,IndieWire
Prime Video,Cara Delevingne
Prime Video,Dane DeHaan
Prime Video,Rihanna
Prime Video,Dallas Cowboys
hulu,Phoenix
hulu,AtlantaFX
hulu,Fallon Tonight
hulu,MSG
CBS,Zoe Lister-Jones
CBS,Natalia Anderson
CBS,MAREN MORRIS
CBS,ACM Awards
CBS,Kelsea Ballerini
CBS,Keith Urban
CBS,ACM Awards
CBS,Dierks Bentley
CBS,ACM Awards
CBS,Jason Aldean
CBS,Garth Brooks
CBS,Chris Stapleton
CBS,Thomas Rhett
CBS,Miranda Lambert
CBS,Reba
Marvel Studios,Lupita Nyong'o
Marvel Studios,Robert Downey Jr
Marvel Studios,Tom Holland
Marvel Studios,Zoe Saldana
Marvel Studios,Paul Bettany
Marvel Studios,Russo Brothers
Marvel Studios,Fallon Tonight
Marvel Studios,Chadwick Boseman
Twitter Movies,Matt Hamilton
Twitter Movies,Nick Offerman
Twitter Movies,Twitter Moments
Twitter Movies,Marvel Studios
Policía Nacional,Juan Ignacio Zoido
Policía Nacional,Juan Ignacio Zoido
Policía Nacional,Policía Nacional
Policía Nacional,IFEMA
Policía Nacional,AULA
Policía Nacional,Juan Ignacio Zoido
Policía Nacional,Policía Nacional
Policía Nacional,Juan Ignacio Zoido
Policía Nacional,Policía Nacional
The White House,Donald J. Trump
The White House,Melania Trump
The White House,The White House
The White House,Vice President Mike Pence
The White House,Homeland Security
The White House,Melania Trump
NSW Police,Live Traffic Sydney
NSW Police,NSW Police
NSW Police,NSW RFS
NSW Police,MailGuard
NSW Police,Beachwatch NSW
Guardia Civil,Juan Ignacio Zoido
Dir. Gral. Tráfico,AESVI España
ESA,ESA Science
ESA,ESA Space Solutions
ESA,ESA space history
ESA,ESA
ESA,Airbus Space
ESA,Tim Peake
ESA,Airbus
ESA,ESA EarthObservation
ESA,ESA
ESA,ESA EarthObservation
NASA,NASA Wallops
NASA,NOAA Satellites
NASA,NOAA Satellites
NASA,NOAA Satellites
NASA,NOAA Satellites
NASA,NOAA Satellites
NASA,NOAA Satellites
NASA,NOAA Satellites
NASA,NOAA Satellites
NASA,Thomas Zurbuchen
NASA,NOAA Satellites
NASA,NASA Kennedy / KSC
NASA,NOAA Satellites
NASA,NASAInSight
NASA,Intl. Space Station
NASA,Joseph M. Acaba
NASA,Mark T. Vande Hei
NASA,NOAA Satellites
CERN,ESO
European Commission ??,Mina Andreeva
European Commission ??,Jean-Claude Juncker
European Commission ??,Jean-Claude Juncker
European Commission ??,Margaritis Schinas
European Commission ??,Jean-Claude Juncker
European Commission ??,Efi Koutsokosta
European Commission ??,euronews
European Commission ??,Marianne Thyssen
United Nations,WHO
United Nations,UN Peacekeeping
United Nations,FAO Newsroom
United Nations,Netherlands at UN
United Nations,UNISDR
United Nations,UN Women
United Nations,António Guterres
United Nations,UN News
United Nations,UNAMA News
United Nations,World Food Programme
United Nations,Netherlands at UN
United Nations,UN Human Rights
United Nations,World Food Programme
United Nations,UNAIDS
Naciones Unidas,ONU Mujeres
Naciones Unidas,FAO Américas
Naciones Unidas,ONU Mujeres
Naciones Unidas,UNICEF ComitéEspañol
UNICEF,UNICEF Uganda
PETA,TEDx
PETA,Chloe Coscarelli
PETA,PETA
PETA,Polar Bears Int'l.
PETA,PETA
PETA,Canada Goose
PETA,PETA
PETA,Polar Bears Int'l.
PETA,Canada Goose
PETA,Polar Bears Int'l.
PETA,Canada Goose
PETA,HANSON
PETA,CoyoteVest
PETA,peta2
PETA,PETA
PETA,PETA
PETA,PETA UK
PETA,John Bradley
PETA,Game Of Thrones
PETA,Francis S. Collins
PETA,NIH
PETA,Texas A&M University
PETA,Rent the Runway
PETA,Nellie's Free Range
PETA,peta2
PETA,Daniella Monet
PETA,peta2
PETA,kesha
PETA,PETA Latino
PETA,People
PETA,THE FASHION LAW
PETA,PETA
PETA,Esther TheWonder Pig
PETA,PETA
The Dodo,NowThis
darth™,JM
darth™,Lisa Church ?
darth™,darth™
darth™,Busi-Writer
darth™,darth™
darth™,Daniel Kibblesmith ??
darth™,Marvel Entertainment
darth™,C.F. Villa
darth™,George Bailey Smith
darth™,darth™
darth™,Jon Bois
darth™,dan sinker
darth™,Matthew T'Cherry
darth™,Donna Moss
darth™,Stephen Tatton
darth™,darth™
darth™,Judd Legum
darth™,+ Martha +
darth™,darth™
darth™,San Francisco SPCA
darth™,darth™
darth™,Jason O. Gilbert
darth™,pixelated boat [ASMR] binaural ~4 hours~
darth™,A. Mason
darth™,darth™
darth™,JD
darth™,darth™
darth™,WeRateDogs™
darth™,Shaun Lysen
darth™,darth™
darth™,Caitlin Kelly
darth™,Levi Gibian
darth™,darth™
darth™,Tim Mak
darth™,Mirriam Richard Marx tweeted @ me Seddiq
darth™,tammy
darth™,Jim Acosta
darth™,Damaris M. Ayuso
darth™,Sara G Miller
darth™,darth™
darth™,pourmecoffee
darth™,Morgan Fairchild
darth™,Paul Ryan
darth™,heath
darth™,Eric Geller
darth™,Sara G Miller
darth™,darth™
darth™,Sara G Miller
darth™,darth™
darth™,Emily Richmond
darth™,Maria Otero
darth™,darth™
darth™,Abigail Harrison
darth™,The Mars Generation
darth™,Nicole Chung
darth™,Molly Knight
darth™,Molly Knight
darth™,darth™
darth™,stuart stevens
darth™,amelia!
darth™,darth™
darth™,(~_~;)
darth™,darth™
darth™,WeRateDogs™
darth™,ryan cooper
darth™,CindyClementCarlson
darth™,darth™
darth™,Nebraska Humane
darth™,Nebraska Humane
darth™,fka202
darth™,darth™
darth™,Marlow Stern
darth™,Marlow Stern
darth™,A Forever Home
darth™,??? ??? ?????
darth™,(((JR)))
darth™,Jon Lovett
darth™,Senior Pups
darth™,darth™
darth™,darth™
darth™,american fandal
darth™,american fandal
darth™,Dave Itzkoff
darth™,skwalters
darth™,darth™
darth™,darth™
darth™,Jason O. Gilbert
darth™,Sol
darth™,Ryan Moon
darth™,darth™
darth™,Josh Barro
darth™,darth™
darth™,Jason O. Gilbert
darth™,Jason O. Gilbert
darth™,Chris Seidensticker
darth™,darth™
darth™,Jeanie 3-Legged Dog
darth™,Christopher Mathias
darth™,Hallie Bateman
darth™,Jack Sjogren
darth™,Mina Kimes
darth™,Patrick Monahan
darth™,Matthew Yglesias
darth™,Dan Diamond
darth™,Noah Rothman
darth™,darth™
darth™,NBC News
darth™,NBC News
darth™,¢hölé
darth™,Bobby Caughey
darth™,darth™
darth™,Danielle Paquette
darth™,darth™
darth™,POLITICO
darth™,POLITICO
darth™,Sugar
darth™,darth™
darth™,sarah miller
darth™,Bubba Atkinson
darth™,darth™
darth™,Tim Stevens
darth™,darth™
darth™,brandon
darth™,brandon
darth™,Brandy Jensen
darth™,Dick Tracy Orlando
darth™,darth™
darth™,Nicole Chung
darth™,Longreads
darth™,Rob
darth™,darth™
darth™,Sarah Michele
darth™,darth™
darth™,WeRateDogs™
darth™,Second Chance
darth™,Mary Beth
darth™,darth™
darth™,Richard Lawson
darth™,Sophie Vershbow
darth™,bb ghost
darth™,bb ghost
darth™,Eric Geller
darth™,Sarah Chadwick// #NEVERAGAIN
darth™,darth™
darth™,Jason P. Steed
AnimalPlanet,Pete Nelson
AnimalPlanet,SHAQ
AnimalPlanet,SHAQ
TED Talks,Daniel Pink
TED Talks,Tyra Banks
TED Talks,Adam Grant
TED Talks,Adam Grant
TED Talks,SU Radio Glaciology
TED Talks,Elif ?afak / Shafak
TED Talks,Susan Cain
TED Talks,Adam Grant
TED Talks,TED Talks
TED Talks,zeynep tufekci
Ciencia Plus,NASA JPL
Ciencia Plus,NASA JPL
Ciencia Plus,CENIEH
WIRED Science,Rhett Allain
WIRED Science,Andrea Valdez
WIRED Science,Matt Simon
WIRED Science,WIRED
WIRED Science,Megan Molteni
WIRED Science,WIRED
WIRED Science,Arielle Pardes
WIRED Science,WIRED
WIRED Science,Liam Dutton - Weatherman
WIRED Science,Vera Titunik
WIRED Science,Emma Marris
March for Science,Sarah Evanega
March for Science,OFAB Nigeria
March for Science,March for Science
Science Magazine,News from Science
Science Magazine,News from Science
Science Magazine,Science Visuals
Science Magazine,Eppendorf
Science Magazine,Chris Hadfield
Science Museum,Shaz Hussain
Science Museum,Science Museum
AAAS,Am Geophysical Union
AAAS,AMS
National Science Fdn,NSF Geosciences
National Science Fdn,Washington Post
Science World,Suzanne Gildert
Science World,geordierose
Science World,Arts @ KPU
Science World,Shariefa SayedAhmed
Science World,Canada 2067
Science World,Crop Science Canada
Science World,Let's Talk Science
Richard Dawkins Foundation ????????????? ?,Secular Coalition for America
Richard Dawkins Foundation ????????????? ?,NASA
Richard Dawkins Foundation ????????????? ?,Ken Ham
Richard Dawkins Foundation ????????????? ?,NYT Climate
Richard Dawkins Foundation ????????????? ?,Alanna Vagianos
Richard Dawkins Foundation ????????????? ?,Bob Blaskiewicz
Richard Dawkins Foundation ????????????? ?,Richard Dawkins Foundation ????????????? ?
Richard Dawkins Foundation ????????????? ?,IHEU
Richard Dawkins Foundation ????????????? ?,Black Nonbelievers
Richard Dawkins Foundation ????????????? ?,Richard Dawkins
Richard Dawkins Foundation ????????????? ?,NYT Science
Bloomberg,Bloomberg View
Bloomberg,TicToc by Bloomberg
Bloomberg,Bloomberg Asia
Bloomberg,Bloomberg Gadfly
Bloomberg,Bloomberg Gadfly
Bloomberg,Bloomberg Technology
Bloomberg,Businessweek
Bloomberg,Bloomberg Graphics
Bloomberg,Twitter
Bloomberg,Bloomberg Crypto
Bloomberg,Bloomberg Crypto
Bloomberg,TicToc by Bloomberg
Bloomberg,Twitter
Bloomberg,TicToc by Bloomberg
Bloomberg,Julie Hyman
Bloomberg,Bloomberg Gadfly
Bloomberg,Bloomberg Crypto
Bloomberg,TicToc by Bloomberg
Bloomberg,Ramy Inocencio
Bloomberg,Bloomberg Terminal
Bloomberg,Bloomberg TV
Bloomberg,TicToc by Bloomberg
Bloomberg,TicToc by Bloomberg
Bloomberg,Alex Wayne
Bloomberg,Bloomberg Graphics
Bloomberg,TicToc by Bloomberg
Bloomberg,Toluse Olorunnipa
Bloomberg,Jennifer Jacobs
Bloomberg,Bloomberg Gadfly
Bloomberg,TicToc by Bloomberg
Bloomberg,Jordan Robertson
Bloomberg,Bloomberg View
Bloomberg,TicToc by Bloomberg
Bloomberg,Bloomberg Gadfly
Bloomberg,Bloomberg Graphics
Bloomberg,Bloomberg Politics
Bloomberg,Bloomberg TV
Bloomberg,Bloomberg Crypto
Bloomberg,Climate Changed
Bloomberg,Climate Changed
Bloomberg,Businessweek
Bloomberg,TicToc by Bloomberg
Bloomberg,Climate Changed
Bloomberg,Bloomberg Gadfly
Bloomberg,Bloomberg Economics
Bloomberg,Businessweek
Bloomberg,Bloomberg Markets
Bloomberg,Bloomberg Markets
Bloomberg,TicToc by Bloomberg
Bloomberg,Bloomberg Gadfly
Bloomberg,TicToc by Bloomberg
Bloomberg,Twitter
Bloomberg,Suzi Ring
Bloomberg,Franz Wild
Bloomberg,Businessweek
Bloomberg,Bloomberg Brexit
Bloomberg,Bloomberg Gadfly
Bloomberg,Bloomberg Gadfly
Bloomberg,Bloomberg View
Bloomberg,Bloomberg Crypto
Bloomberg,Bloomberg View
Bloomberg,Bloomberg Gadfly
Bloomberg,Bloomberg Gadfly
TV_Trading Ideas,?
My Trading Buddy,My Trading Buddy
My Trading Buddy,paul bratby
My Trading Buddy,Amazon.com
My Trading Buddy,My Trading Buddy
My Trading Buddy,TradeZero
My Trading Buddy,Amazon.com
My Trading Buddy,Mercedes Oestermann
My Trading Buddy,wave5trade
My Trading Buddy,My Trading Buddy
My Trading Buddy,wave5trade
My Trading Buddy,My Trading Buddy
My Trading Buddy,My Trading Buddy
My Trading Buddy,wave5trade
My Trading Buddy,paul bratby
My Trading Buddy,wave5trade
My Trading Buddy,wave5trade
My Trading Buddy,wave5trade
My Trading Buddy,wave5trade
My Trading Buddy,ATFX
My Trading Buddy,wave5trade
My Trading Buddy,wave5trade
My Trading Buddy,Tradesocio
My Trading Buddy,wave5trade
My Trading Buddy,wave5trade
My Trading Buddy,wave5trade
My Trading Buddy,Peter Davies
My Trading Buddy,contentworks
My Trading Buddy,My Trading Buddy
My Trading Buddy,Peter Davies
My Trading Buddy,Tradesocio
My Trading Buddy,JetBlue Airways
My Trading Buddy,Peter Davies
My Trading Buddy,Amazon.com
My Trading Buddy,wave5trade
My Trading Buddy,wave5trade
My Trading Buddy,Telegram Messenger
My Trading Buddy,contentworks
My Trading Buddy,wave5trade
My Trading Buddy,Peter Davies
My Trading Buddy,TradeZero
My Trading Buddy,Tradesocio
My Trading Buddy,Jeremy
My Trading Buddy,Telegram Messenger
My Trading Buddy,contentworks
My Trading Buddy,wave5trade
My Trading Buddy,Scoop.it
My Trading Buddy,YouTube
My Trading Buddy,Tradesocio
My Trading Buddy,wave5trade
My Trading Buddy,wave5trade
My Trading Buddy,paul bratby
My Trading Buddy,My Trading Buddy
My Trading Buddy,wave5trade
My Trading Buddy,The TJX Companies
My Trading Buddy,contentworks
My Trading Buddy,wave5trade
My Trading Buddy,Tradesocio
My Trading Buddy,paul bratby
Harvard Biz Review,Amy Bernstein
Harvard Biz Review,SarahGreenCarmichael
Harvard Biz Review,Nicole Torres
Harvard Biz Review,Anupam Bapu Jena
Harvard Biz Review,Arthur Brooks
Harvard Biz Review,Gianpiero Petriglieri
Harvard Biz Review,Amy Wrzesniewski
Harvard Biz Review,Anupam Bapu Jena
Harvard Biz Review,Harvard Biz Review
Harvard Biz Review,Timothy Layton
Harvard Biz Review,hal gregersen
Harvard Biz Review,SarahGreenCarmichael
Harvard Biz Review,Emilie Aries
Harvard Biz Review,Bossed Up
Trading Nation,CNBC's Fast Money
Trading Nation,Guy Adami
Trading Nation,Stephanie Landsman
Cheds Trading [LTC] [Cancer Fighter],CryptoGodfatha
Cheds Trading [LTC] [Cancer Fighter],JE$US
Cheds Trading [LTC] [Cancer Fighter],Cheds Trading [LTC] [Cancer Fighter]
Cheds Trading [LTC] [Cancer Fighter],Cheds Trading [LTC] [Cancer Fighter]
Cheds Trading [LTC] [Cancer Fighter],Ran NeuNer
Cheds Trading [LTC] [Cancer Fighter],Cheds Trading [LTC] [Cancer Fighter]
Cheds Trading [LTC] [Cancer Fighter],Ran NeuNer
Daniels Trading,Craig Turner
Anthony Schmitt Financial Services,Anthony Schmitt Financial Services
Anthony Schmitt Financial Services,Nodexl Project
Anthony Schmitt Financial Services,Marc Smith
Anthony Schmitt Financial Services,Mike Quindazzi ?
Anthony Schmitt Financial Services,Spiros Margaris
Anthony Schmitt Financial Services,Anthony Schmitt Financial Services
Anthony Schmitt Financial Services,Anthony Schmitt Financial Services
Anthony Schmitt Financial Services,State Bank of India
Anthony Schmitt Financial Services,Times of India
Anthony Schmitt Financial Services,Anthony Schmitt Financial Services
Anthony Schmitt Financial Services,BostonConsultingGrp
Anthony Schmitt Financial Services,Anthony Schmitt Financial Services
Anthony Schmitt Financial Services,Anthony Schmitt Financial Services
Anthony Schmitt Financial Services,Anthony Schmitt Financial Services
Anthony Schmitt Financial Services,Blockchain
Anthony Schmitt Financial Services,United Nations
Anthony Schmitt Financial Services,Anthony Schmitt Financial Services
Anthony Schmitt Financial Services,Cointelegraph — Bitcoin and Cryptocurrency News
Anthony Schmitt Financial Services,Anthony Schmitt Financial Services
Anthony Schmitt Financial Services,Bank Innovation
Anthony Schmitt Financial Services,Anthony Schmitt Financial Services
Anthony Schmitt Financial Services,World Economic Forum
Anthony Schmitt Financial Services,Anthony Schmitt Financial Services
Anthony Schmitt Financial Services,Anthony Schmitt Financial Services
Anthony Schmitt Financial Services,Gartner
Anthony Schmitt Financial Services,Anthony Schmitt Financial Services
Anthony Schmitt Financial Services,Anthony Schmitt Financial Services
Anthony Schmitt Financial Services,Google
Anthony Schmitt Financial Services,Anthony Schmitt Financial Services
Anthony Schmitt Financial Services,Twitter
Anthony Schmitt Financial Services,Anthony Schmitt Financial Services
Anthony Schmitt Financial Services,Anthony Schmitt Financial Services
Anthony Schmitt Financial Services,Anthony Schmitt Financial Services
Anthony Schmitt Financial Services,Anthony Schmitt Financial Services
Anthony Schmitt Financial Services,Harvard Biz Review
Anthony Schmitt Financial Services,Evan Kirstel is at #MWC18!
Anthony Schmitt Financial Services,Anthony Schmitt Financial Services
Anthony Schmitt Financial Services,Massachusetts Institute of Technology (MIT)
Anthony Schmitt Financial Services,China Xinhua News
Anthony Schmitt Financial Services,Anthony Schmitt Financial Services
Anthony Schmitt Financial Services,Zoho
Anthony Schmitt Financial Services,Business Today
Anthony Schmitt Financial Services,Anthony Schmitt Financial Services
Anthony Schmitt Financial Services,Bloomberg Markets
Anthony Schmitt Financial Services,SEC Investor Ed
Anthony Schmitt Financial Services,Anthony Schmitt Financial Services
Anthony Schmitt Financial Services,Raconteur
Anthony Schmitt Financial Services,Anthony Schmitt Financial Services
Anthony Schmitt Financial Services,TechRepublic
Anthony Schmitt Financial Services,Anthony Schmitt Financial Services
Anthony Schmitt Financial Services,Anthony Schmitt Financial Services
Anthony Schmitt Financial Services,Baidu Inc.
Anthony Schmitt Financial Services,Alibaba Group
Anthony Schmitt Financial Services,Facebook
Anthony Schmitt Financial Services,Amazon.com
Anthony Schmitt Financial Services,Netflix US
Anthony Schmitt Financial Services,Google
Anthony Schmitt Financial Services,Anthony Schmitt Financial Services
Anthony Schmitt Financial Services,Credit Suisse
Anthony Schmitt Financial Services,ING Group
Anthony Schmitt Financial Services,Anthony Schmitt Financial Services
Anthony Schmitt Financial Services,The Merkle
Anthony Schmitt Financial Services,Anthony Schmitt Financial Services
Anthony Schmitt Financial Services,CCN
Anthony Schmitt Financial Services,The Wall Street Journal
Anthony Schmitt Financial Services,Anthony Schmitt Financial Services
Anthony Schmitt Financial Services,CoinDesk
Anthony Schmitt Financial Services,Anthony Schmitt Financial Services
Anthony Schmitt Financial Services,Bitcoin News
Anthony Schmitt Financial Services,Anthony Schmitt Financial Services
Anthony Schmitt Financial Services,DXWorldEXPO ®
Anthony Schmitt Financial Services,CloudEXPO ®
Anthony Schmitt Financial Services,Anthony Schmitt Financial Services
Anthony Schmitt Financial Services,Anthony Schmitt Financial Services
Anthony Schmitt Financial Services,Google
Anthony Schmitt Financial Services,Intel
Anthony Schmitt Financial Services,Apple
Anthony Schmitt Financial Services,Anthony Schmitt Financial Services
Anthony Schmitt Financial Services,Anthony Schmitt Financial Services
Anthony Schmitt Financial Services,HSBC
Anthony Schmitt Financial Services,CoinDesk
Anthony Schmitt Financial Services,Anthony Schmitt Financial Services
Anthony Schmitt Financial Services,Anthony Schmitt Financial Services
Anthony Schmitt Financial Services,GlobalWebIndex
Anthony Schmitt Financial Services,Anthony Schmitt Financial Services
Anthony Schmitt Financial Services,e27: Asia tech news
Anthony Schmitt Financial Services,Anthony Schmitt Financial Services
Anthony Schmitt Financial Services,PitchBook Data
Anthony Schmitt Financial Services,Anthony Schmitt Financial Services
Anthony Schmitt Financial Services,Anthony Schmitt Financial Services
Anthony Schmitt Financial Services,C2FO
Anthony Schmitt Financial Services,PYMNTS
Anthony Schmitt Financial Services,Anthony Schmitt Financial Services
Anthony Schmitt Financial Services,Anthony Schmitt Financial Services
Anthony Schmitt Financial Services,Consultancy.uk
Anthony Schmitt Financial Services,Anthony Schmitt Financial Services
Anthony Schmitt Financial Services,Raconteur
Anthony Schmitt Financial Services,Anthony Schmitt Financial Services
Anthony Schmitt Financial Services,JLL
Anthony Schmitt Financial Services,Anthony Schmitt Financial Services
Anthony Schmitt Financial Services,Anthony Schmitt Financial Services
Anthony Schmitt Financial Services,Alibaba Group
Anthony Schmitt Financial Services,Anthony Schmitt Financial Services
Anthony Schmitt Financial Services,Evan Kirstel is at #MWC18!
Anthony Schmitt Financial Services,Anthony Schmitt Financial Services
Anthony Schmitt Financial Services,Anthony Schmitt Financial Services
Anthony Schmitt Financial Services,CB Insights
Anthony Schmitt Financial Services,Anthony Schmitt Financial Services
Anthony Schmitt Financial Services,Alibaba Group
Anthony Schmitt Financial Services,Amazon.com
Anthony Schmitt Financial Services,Microsoft
Anthony Schmitt Financial Services,Anthony Schmitt Financial Services
Anthony Schmitt Financial Services,Visual Capitalist
Anthony Schmitt Financial Services,Anthony Schmitt Financial Services
Anthony Schmitt Financial Services,Visual Capitalist
Anthony Schmitt Financial Services,Anthony Schmitt Financial Services
Anthony Schmitt Financial Services,SearchCloudComputing
Anthony Schmitt Financial Services,Anthony Schmitt Financial Services
Anthony Schmitt Financial Services,WIRED
Anthony Schmitt Financial Services,Anthony Schmitt Financial Services
Anthony Schmitt Financial Services,Anthony Schmitt Financial Services
Anthony Schmitt Financial Services,Deloitte
Anthony Schmitt Financial Services,ipfconline
Anthony Schmitt Financial Services,Anthony Schmitt Financial Services
Anthony Schmitt Financial Services,Gartner
Anthony Schmitt Financial Services,Anthony Schmitt Financial Services
Anthony Schmitt Financial Services,Anthony Schmitt Financial Services
Anthony Schmitt Financial Services,Deloitte Insights
Anthony Schmitt Financial Services,Anthony Schmitt Financial Services
Anthony Schmitt Financial Services,Anthony Schmitt Financial Services
Anthony Schmitt Financial Services,Anthony Schmitt Financial Services
Anthony Schmitt Financial Services,Visual Capitalist
Anthony Schmitt Financial Services,Anthony Schmitt Financial Services
Anthony Schmitt Financial Services,Anthony Schmitt Financial Services
Anthony Schmitt Financial Services,Anthony Schmitt Financial Services
Anthony Schmitt Financial Services,Raconteur
Anthony Schmitt Financial Services,PwC
Anthony Schmitt Financial Services,Anthony Schmitt Financial Services
Anthony Schmitt Financial Services,Statista
Anthony Schmitt Financial Services,Re:Create
Anthony Schmitt Financial Services,Anthony Schmitt Financial Services
Anthony Schmitt Financial Services,Cheddar
Anthony Schmitt Financial Services,Fast Company
Anthony Schmitt Financial Services,Anthony Schmitt Financial Services
Anthony Schmitt Financial Services,Raconteur
Anthony Schmitt Financial Services,Jim Marous
Anthony Schmitt Financial Services,Anthony Schmitt Financial Services
Anthony Schmitt Financial Services,Evan Kirstel is at #MWC18!
Anthony Schmitt Financial Services,Anthony Schmitt Financial Services
Anthony Schmitt Financial Services,OverdriveInteractive
Anthony Schmitt Financial Services,Evan Kirstel is at #MWC18!
Anthony Schmitt Financial Services,Jim Harris
Anthony Schmitt Financial Services,Anthony Schmitt Financial Services
Anthony Schmitt Financial Services,J.P. Morgan
Anthony Schmitt Financial Services,zerohedge
Anthony Schmitt Financial Services,Anthony Schmitt Financial Services
Anthony Schmitt Financial Services,Anthony Schmitt Financial Services
Anthony Schmitt Financial Services,Anthony Schmitt Financial Services
Anthony Schmitt Financial Services,Anthony Schmitt Financial Services
Anthony Schmitt Financial Services,strategy+business
Anthony Schmitt Financial Services,PwC
Anthony Schmitt Financial Services,Anthony Schmitt Financial Services
Anthony Schmitt Financial Services,How Much
Anthony Schmitt Financial Services,Nodexl Project
Anthony Schmitt Financial Services,Marc Smith
Anthony Schmitt Financial Services,Mike Quindazzi ?
Anthony Schmitt Financial Services,Spiros Margaris
Anthony Schmitt Financial Services,Antonio Gambina
Anthony Schmitt Financial Services,DXWorldEXPO ®
Anthony Schmitt Financial Services,CloudEXPO ®
Anthony Schmitt Financial Services,Anthony Schmitt Financial Services
Anthony Schmitt Financial Services,State Bank of India
Anthony Schmitt Financial Services,Times of India
Anthony Schmitt Financial Services,BostonConsultingGrp
Anthony Schmitt Financial Services,Anthony Schmitt Financial Services
Anthony Schmitt Financial Services,Jim Marous
Anthony Schmitt Financial Services,WhatsApp Inc.
Anthony Schmitt Financial Services,Evan Kirstel is at #MWC18!
Anthony Schmitt Financial Services,Kirk Borne
Anthony Schmitt Financial Services,Brian Ahier
Anthony Schmitt Financial Services,Theo
Anthony Schmitt Financial Services,Duane Baker
Anthony Schmitt Financial Services,Oscar Neira
Anthony Schmitt Financial Services,Andreas Pages
Anthony Schmitt Financial Services,Antonio Vieira Santos ?
Anthony Schmitt Financial Services,Steve Waldron
Anthony Schmitt Financial Services,Anthony Schmitt Financial Services
Anthony Schmitt Financial Services,WhatsApp Inc.
Anthony Schmitt Financial Services,CCN
Anthony Schmitt Financial Services,Blockchain
Anthony Schmitt Financial Services,United Nations
Anthony Schmitt Financial Services,Jim Marous
Anthony Schmitt Financial Services,Amit Goel
Anthony Schmitt Financial Services,MEDICI (formerly Let's Talk Payments)
Anthony Schmitt Financial Services,Fintegrate Zone
Anthony Schmitt Financial Services,Aditya Khurjekar
Anthony Schmitt Financial Services,Patrick Rivenbark
Anthony Schmitt Financial Services,Amit Shah
Anthony Schmitt Financial Services,Sameer Singh Jaini
Anthony Schmitt Financial Services,Musheer
Anthony Schmitt Financial Services,Sneha Sultania
Anthony Schmitt Financial Services,Helene Li ??
Anthony Schmitt Financial Services,Jim Marous
Anthony Schmitt Financial Services,Christine Boursin
Anthony Schmitt Financial Services,Futurism
Anthony Schmitt Financial Services,Jean-Baptiste Lefevre
Anthony Schmitt Financial Services,Nodexl Project
Anthony Schmitt Financial Services,Ricardo Jimenez
Anthony Schmitt Financial Services,Mike Quindazzi ?
Anthony Schmitt Financial Services,Spiros Margaris
Anthony Schmitt Financial Services,Anthony Schmitt Financial Services
Anthony Schmitt Financial Services,Jim Marous
Anthony Schmitt Financial Services,AI
Anthony Schmitt Financial Services,?Dr. Robin Kiera?
Anthony Schmitt Financial Services,The New York Times
Anthony Schmitt Financial Services,Helene Li ??
Anthony Schmitt Financial Services,Anthony Schmitt Financial Services
Anthony Schmitt Financial Services,CCN
Anthony Schmitt Financial Services,Anthony Schmitt Financial Services
Anthony Schmitt Financial Services,Anthony Schmitt Financial Services
Anthony Schmitt Financial Services,TheStreet
Anthony Schmitt Financial Services,Anthony Schmitt Financial Services
Anthony Schmitt Financial Services,Anthony Schmitt Financial Services
Anthony Schmitt Financial Services,Cointelegraph — Bitcoin and Cryptocurrency News
Anthony Schmitt Financial Services,Jim Marous
Anthony Schmitt Financial Services,Bank Innovation
Anthony Schmitt Financial Services,World Economic Forum
Anthony Schmitt Financial Services,Gartner
Anthony Schmitt Financial Services,Jim Marous
Anthony Schmitt Financial Services,Google
Anthony Schmitt Financial Services,Twitter
Anthony Schmitt Financial Services,Anthony Schmitt Financial Services
Anthony Schmitt Financial Services,Anthony Schmitt Financial Services
Anthony Schmitt Financial Services,Anthony Schmitt Financial Services
Anthony Schmitt Financial Services,Harvard Biz Review
Anthony Schmitt Financial Services,Massachusetts Institute of Technology (MIT)
Anthony Schmitt Financial Services,China Xinhua News
Anthony Schmitt Financial Services,Zoho
Anthony Schmitt Financial Services,Business Today
Anthony Schmitt Financial Services,Bloomberg Markets
Anthony Schmitt Financial Services,SEC Investor Ed
Anthony Schmitt Financial Services,Raconteur
Anthony Schmitt Financial Services,Kohei Kurihara
Anthony Schmitt Financial Services,FinForge
Anthony Schmitt Financial Services,Reuters Top News
Anthony Schmitt Financial Services,Jim Marous
Anthony Schmitt Financial Services,Baidu Inc.
Anthony Schmitt Financial Services,Alibaba Group
Anthony Schmitt Financial Services,Facebook
Anthony Schmitt Financial Services,Amazon.com
Anthony Schmitt Financial Services,Netflix US
Anthony Schmitt Financial Services,Google
Anthony Schmitt Financial Services,Jim Marous
Anthony Schmitt Financial Services,Theo
Anthony Schmitt Financial Services,Efma
Anthony Schmitt Financial Services,Credit Suisse
Anthony Schmitt Financial Services,ING Group
Anthony Schmitt Financial Services,CoinDesk
Anthony Schmitt Financial Services,CoinDesk
Anthony Schmitt Financial Services,ipfconline
Anthony Schmitt Financial Services,Automation World
Anthony Schmitt Financial Services,Antonio Grasso
Anthony Schmitt Financial Services,Xavier Gomez
Anthony Schmitt Financial Services,White & Case LLP
Anthony Schmitt Financial Services,Alvin Foo
Anthony Schmitt Financial Services,Helene Li ??
Anthony Schmitt Financial Services,Javier CHINA (??)
Anthony Schmitt Financial Services,Mike Quindazzi ?
Anthony Schmitt Financial Services,Tamara McCleary
Anthony Schmitt Financial Services,Keith Keller ????
Anthony Schmitt Financial Services,Anthony Schmitt Financial Services
Anthony Schmitt Financial Services,Innosight
Anthony Schmitt Financial Services,Anthony Schmitt Financial Services
Anthony Schmitt Financial Services,CoinDesk
Anthony Schmitt Financial Services,Anthony Schmitt Financial Services
Anthony Schmitt Financial Services,CFTC
Anthony Schmitt Financial Services,Anthony Schmitt Financial Services
Anthony Schmitt Financial Services,American Banker
Anthony Schmitt Financial Services,Jim Marous
Anthony Schmitt Financial Services,Brett King
Anthony Schmitt Financial Services,Ron Shevlin
Anthony Schmitt Financial Services,Anthony Schmitt Financial Services
Anthony Schmitt Financial Services,Virgin Money
Anthony Schmitt Financial Services,PYMNTS
Anthony Schmitt Financial Services,Anthony Schmitt Financial Services
Anthony Schmitt Financial Services,Ripple
Anthony Schmitt Financial Services,Quartz
Anthony Schmitt Financial Services,SWIFT
Anthony Schmitt Financial Services,Anthony Schmitt Financial Services
Anthony Schmitt Financial Services,WhatsApp Inc.
Anthony Schmitt Financial Services,CCN
Anthony Schmitt Financial Services,ipfconline
Anthony Schmitt Financial Services,Frank Chen
Anthony Schmitt Financial Services,Hacker Noon
Anthony Schmitt Financial Services,The Merkle
Anthony Schmitt Financial Services,Christine Boursin
Anthony Schmitt Financial Services,CCN
Anthony Schmitt Financial Services,The Wall Street Journal
Anthony Schmitt Financial Services,TheStreet
Anthony Schmitt Financial Services,CoinDesk
Anthony Schmitt Financial Services,Bitcoin News
Anthony Schmitt Financial Services,DXWorldEXPO ®
Anthony Schmitt Financial Services,CloudEXPO ®
Anthony Schmitt Financial Services,Google
Anthony Schmitt Financial Services,Intel
Anthony Schmitt Financial Services,Apple
Anthony Schmitt Financial Services,David J. Maireles
Anthony Schmitt Financial Services,florian semle
Anthony Schmitt Financial Services,InsightBrief
Anthony Schmitt Financial Services,Alvin Foo
Anthony Schmitt Financial Services,Bitcoin
Anthony Schmitt Financial Services,kilian2002
Anthony Schmitt Financial Services,Nuzzel
My Trading Buddy,My Trading Buddy
My Trading Buddy,paul bratby
My Trading Buddy,Amazon.com
My Trading Buddy,My Trading Buddy
My Trading Buddy,TradeZero
My Trading Buddy,Amazon.com
My Trading Buddy,Mercedes Oestermann
My Trading Buddy,wave5trade
My Trading Buddy,My Trading Buddy
My Trading Buddy,wave5trade
My Trading Buddy,My Trading Buddy
My Trading Buddy,My Trading Buddy
My Trading Buddy,wave5trade
My Trading Buddy,paul bratby
My Trading Buddy,wave5trade
My Trading Buddy,wave5trade
My Trading Buddy,wave5trade
My Trading Buddy,wave5trade
My Trading Buddy,ATFX
My Trading Buddy,wave5trade
My Trading Buddy,wave5trade
My Trading Buddy,Tradesocio
My Trading Buddy,wave5trade
My Trading Buddy,wave5trade
My Trading Buddy,wave5trade
My Trading Buddy,Peter Davies
My Trading Buddy,contentworks
My Trading Buddy,My Trading Buddy
My Trading Buddy,Peter Davies
My Trading Buddy,Tradesocio
My Trading Buddy,JetBlue Airways
My Trading Buddy,Peter Davies
My Trading Buddy,Amazon.com
My Trading Buddy,wave5trade
My Trading Buddy,wave5trade
My Trading Buddy,Telegram Messenger
My Trading Buddy,contentworks
My Trading Buddy,wave5trade
My Trading Buddy,Peter Davies
My Trading Buddy,TradeZero
My Trading Buddy,Tradesocio
My Trading Buddy,Jeremy
My Trading Buddy,Telegram Messenger
My Trading Buddy,contentworks
My Trading Buddy,wave5trade
My Trading Buddy,Scoop.it
My Trading Buddy,YouTube
My Trading Buddy,Tradesocio
My Trading Buddy,wave5trade
My Trading Buddy,wave5trade
My Trading Buddy,paul bratby
My Trading Buddy,My Trading Buddy
My Trading Buddy,wave5trade
My Trading Buddy,The TJX Companies
My Trading Buddy,contentworks
My Trading Buddy,wave5trade
My Trading Buddy,Tradesocio
My Trading Buddy,paul bratby
TV_Trading Ideas,?
