Account;2018-02-12
bonappetit;3187464
NatGeoFood;35345
TwitterFood;838115
Fooddotcom;27
newfoodeconomy;5815
bflay;2682244
RealCarrotFacts;222389
NYTFood;1418901
CivilEats;91770
Seriouseats;802454
RealCapnCrunch;41651
iowagirleats;15308
spoonuniversity;17197
foodandwine;6669921
epicurious;2793432
Newsweek;3416505
nytimes;41114692
NBCNews;5833236
CNN;39407306
washingtonpost;12074776
BBCWorld;22609176
WSJ;15517579
FoxNews;17178254
ABC;13456536
Reuters;19376348
el_pais;6555279
abc_es;1513840
antena3com;1352604
noticias_cuatro;798132
24h_tve;1260055
ecosdelbalon;38215
NYT4thDownBot;26042
baseballpro;114092
FutbolAvanzado;22005
NBA;27298003
LaLiga;3450130
AnalyseSport;8564
Olympics;5968315
wizard_cfc;14357
ThatGuyTipsterr;7072
moneyballfutbol;2821
Multi_Apuesta;49822
AP_Sports;119401
sportbible;1299513
SportsCenter;35489074
livefolk;201
travel;6121716
NatGeoTravel;6506865
TravelLeisure;4012965
Earth_Pics;8440753
EarthPix;3001725
frugaltraveler;517008
nytimestravel;1138882
BBC_Travel;979245
TelegraphTravel;282826
TravelMagazine;2777863
CNTraveler;3171059
ThatsEarth;1465879
chicagoideas;39276
ViajaEnElMundo;127629
TheBlondeSalad;9915
kenzo;318756
voguemagazine;13665111
BritishVogue;3602336
ELLEmagazine;6849075
Cosmopolitan;1726275
Fashionista_com;2248682
WhoWhatWear;2332774
TheCut;1430093
TimesFashion;2507829
ELLEUK;1221642
LondonFashionWk;1262916
VictoriasSecret;11481825
styleinmadrid;28532
RevistaInStyle;31021
Sephora;2377498
CiudadanosCs;457472
Bcnisnotcat_;47560
AMI__cat;36839
TheDemocrats;1421253
epp;124795
ahorapodemos;1319893
CNNPolitics;2596031
bpolitics;233565
ABCPolitics;667659
MSNBC;2004445
latimes;3196996
thehill;2965771
vox_es;68943
cope_es;339654
OndaCero_es;492905
UberFacts;14542581
BuzzFeed;6423592
SavedYouAClick;259489
MoviePass;42079
kalesalad;155860
cuantocabron;209972
ladbible;2030193
mental_floss;646898
elmundotoday;1151591
Cabronazi;251329
lavecinarubia;358995
pourmecoffee;279582
NFL_Memes;441716
9GAG;14605208
funnyordie;14385383
netflix;4716543
hbo;1915160
FOXTV;1252996
SonyPicsTeens;2993203
Miramax;430047
NBC;1783964
La1_tve;529498
laSextaTV;892797
9gagtv;187587
PrimeVideo;370966
hulu;530636
CBS;963097
shows_tv;14277
MarvelStudios;598720
TwitterMovies;7192910
policia;3117893
CIA;2272040
WhiteHouse;16606210
casareal;822599
nswpolice;152480
guardiacivil;1177584
DGTes;198324
esa;821147
NASA;28450320
CERN;2560289
EU_Commission;901793
UN;10046941
EUCouncil;309092
ONU_es;934083
UNICEF;7106457
sockington;1422811
Fascinatingpics;6357955
shedancestibet;24002
A_single_bear;111555
BronxZoosCobra;159112
MoveTheWorld;117566
peta;1060564
dodo;713452
BuzzFeedAnimals;104480
NationalZoo;419053
fabulousanimals;1097520
darth;116018
EmrgencyKittens;6383161
AnimalPlanet;1582640
natgeowild;921891
TEDTalks;10963129
materia_ciencia;700690
cienciaplus;387123
WIREDScience;2096789
ScienceMarchDC;356076
sciencemagazine;1111043
sciencemuseum;662319
aaas;86200
NSF;1086506
PopSci;1260377
scienceworldca;17072
rdfrs;78795
MarsCuriosity;3924315
cienciatmx;23
CdeCiencia;52305
StockTwits;596747
business;4599943
1Brokercom;4523
LSFinancial;15384
TV_TradingIdeas;13490
mytradingbuddy;85075
HarvardBiz;5329370
BabyPips;86256
FTTradingRoom;23342
TradingNation;16299
BigCheds;30701
DanielsTrading;6467
canuck2usa;41890
BourseetTrading;14639
mytradingbuddy;85075
tradingview;39902
LSFinancial;15384
TV_TradingIdeas;13490
